,Ngành,Tổng số,YOY,Date
0,TỔNG SỐ,1396659.50387719,5.65754422756794,2024-03-29
1,"Nông, lâm nghiệp và thủy sản",145600.125191408,2.97930671613528,2024-03-29
2,Nông nghiệp,112214.936244271,2.80503235902236,2024-03-29
3,Lâm nghiệp,5908.70103377439,4.08347567743013,2024-03-29
4,Thủy sản,27476.4879133626,3.45955724792049,2024-03-29
5,Công nghiệp và xây dựng,488208.461499906,6.28163820428051,2024-03-29
6,Công nghiệp,412740.017727,6.18193944988161,2024-03-29
7,Khai khoáng,38184.0932218963,-5.83981156768625,2024-03-29
8,"Công nghiệp chế biến, chế tạo",316856.4715928,6.97977811859568,2024-03-29
9,"Sản xuất và phân phối điện, khí đốt, nước nóng, hơi nước và điều hòa không khí",50250.9975187846,11.9681869502877,2024-03-29
10,"Cung cấp nước; hoạt động quản lý và xử lý rác thải, nước thải",7448.45539351845,4.98632866381188,2024-03-29
11,Xây dựng,75468.4437729065,6.83022380109381,2024-03-29
12,Dịch vụ,627420.355642418,6.11570884862567,2024-03-29
13,"Bán buôn và bán lẻ; sửa chữa ô tô, mô tô, xe máy và xe có động cơ khác",139500.194219159,6.93943910926981,2024-03-29
14,"Vận tải, kho bãi",84257.0592588784,10.5763708027714,2024-03-29
15,Dịch vụ lưu trú và ăn uống,37634.9361608407,8.33650215228923,2024-03-29
16,Thông tin và truyền thông,83517.4315250338,4.14341575476686,2024-03-29
17,"Hoạt động tài chính, ngân hàng và bảo hiểm",76240.6498800932,5.20482778318654,2024-03-29
18,Hoạt động kinh doanh bất động sản,48096.2613553385,1.69971371706794,2024-03-29
19,"Hoạt động chuyên môn, khoa học và công nghệ",34394.8880520066,5.99591937296901,2024-03-29
20,Hoạt động hành chính và dịch vụ hỗ trợ,22809.7091919181,8.50782885675147,2024-03-29
21,"Hoạt động của Đảng Cộng sản, tổ chức chính trị-xã hội; quản lý Nhà nước, an ninh quốc phòng; đảm bảo xã hội bắt buộc",23119.6573668095,5.05,2024-03-29
22,Giáo dục và đào tạo,40014.7555443755,4.14999999999999,2024-03-29
23,Y tế và hoạt động trợ giúp xã hội,15656.5986137664,4.05210414222526,2024-03-29
24,"Nghệ thuật, vui chơi và giải trí",11182.1757844967,7.27080008075906,2024-03-29
25,Hoạt động dịch vụ khác,9395.66584920327,4.07244739445034,2024-03-29
26,"Hoạt động làm thuê các công việc trong các hộ gia đình, sản xuất sản phẩm vật chất và dịch vụ tự tiêu dùng của hộ gia đình",1600.37284049849,5.17,2024-03-29
27,Thuế sản phẩm trừ trợ cấp sản phẩm,135430.561543453,4.28,2024-03-29
28,TỔNG SỐ,1643902.24118031,5.469891959761995,2023-12-29
29,"Nông, lâm nghiệp và thủy sản",184544.946661713,4.304803961508,2023-12-29
30,Nông nghiệp,140131.988632358,4.486614133003002,2023-12-29
31,Lâm nghiệp,8660.25731583055,3.5299042063879966,2023-12-29
32,Thủy sản,35752.7007135247,3.918206089147006,2023-12-29
33,Công nghiệp và xây dựng,605975.234475156,5.159876363962994,2023-12-29
34,Công nghiệp,482527.298959026,4.508920172578996,2023-12-29
35,Khai khoáng,37522,-5.503605865098905,2023-12-29
36,"Công nghiệp chế biến, chế tạo",389157.453553266,5.593330919937003,2023-12-29
37,"Sản xuất và phân phối điện, khí đốt, nước nóng, hơi nước và điều hòa không khí",47042.1249758484,5.117524723331002,2023-12-29
38,"Cung cấp nước; hoạt động quản lý và xử lý rác thải, nước thải",8806.26440425097,2.993036761370007,2023-12-29
39,Xây dựng,123447.93551613,7.9974502782749965,2023-12-29
40,Dịch vụ,716361.560202913,6.425505204073005,2023-12-29
41,"Bán buôn và bán lẻ; sửa chữa ô tô, mô tô, xe máy và xe có động cơ khác",143413.355792598,8.743418735126994,2023-12-29
42,"Vận tải, kho bãi",86518.0845449524,9.737584337130997,2023-12-29
43,Dịch vụ lưu trú và ăn uống,39034.6666154463,9.377573484227995,2023-12-29
44,Thông tin và truyền thông,88342.5597433072,4.142854117693005,2023-12-29
45,"Hoạt động tài chính, ngân hàng và bảo hiểm",95135.1255800655,4.781766413883005,2023-12-29
46,Hoạt động kinh doanh bất động sản,60962.9671501657,-0.2356910777744048,2023-12-29
47,"Hoạt động chuyên môn, khoa học và công nghệ",42532.5209244151,6.316742976070998,2023-12-29
48,Hoạt động hành chính và dịch vụ hỗ trợ,21489.4488280909,10.448488322082994,2023-12-29
49,"Hoạt động của Đảng Cộng sản, tổ chức chính trị- xã hội; quản lý Nhà nước, an ninh quốc phòng; đảm bảo xã hội bắt buộc",39079.7868587319,5.834279365479006,2023-12-29
50,Giáo dục và đào tạo,53029.7057469221,4.489999999999995,2023-12-29
51,Y tế và hoạt động trợ giúp xã hội,22374.370500534,4.960382819554994,2023-12-29
52,"Nghệ thuật, vui chơi và giải trí",12512.1498536656,11.835231368812003,2023-12-29
53,Hoạt động dịch vụ khác,10319.9949743714,10.655370268832996,2023-12-29
54,"Hoạt động làm thuê các công việc trong các hộ gia đình, sản xuất sản phẩm vật chất và dịch vụ tự tiêu dùng của hộ gia đình",1616.82308964726,5.432730997594007,2023-12-29
55,Thuế sản phẩm trừ trợ cấp sản phẩm,137020.499840528,3.6369377134249987,2023-12-29
56,TỔNG SỐ,1450322.4543775164,4.051099546801382,2023-09-29
57,"Nông, lâm nghiệp và thủy sản",154315.7569779795,3.6585155978690693,2023-09-29
58,Nông nghiệp,109698.172386306,3.6721533300351012,2023-09-29
59,Lâm nghiệp,7057.619422222135,3.3129072887212203,2023-09-29
60,Thủy sản,37559.96516945155,3.6915464779328175,2023-09-29
61,Công nghiệp và xây dựng,539923.7542936617,2.098934559330786,2023-09-29
62,Công nghiệp,438576.1678545013,0.9489182107781318,2023-09-29
63,Khai khoáng,35181.84481627717,0.795250395549246,2023-09-29
64,"Công nghiệp chế biến, chế tạo",341434.4858284739,0.5985480362809881,2023-09-29
65,"Sản xuất và phân phối điện, khí đốt, nước nóng, hơi nước và điều hòa không khí",53905.55999456905,2.5558549509890724,2023-09-29
66,"Cung cấp nước; hoạt động quản lý và xử lý rác thải, nước thải",8054.277215181228,6.570114660479803,2023-09-29
67,Xây dựng,101347.58643916035,7.6675544668564015,2023-09-29
68,Dịch vụ,626848.0921170809,6.172831750452573,2023-09-29
69,"Bán buôn và bán lẻ; sửa chữa ô tô, mô tô, xe máy và xe có động cơ khác",127230.4177829492,8.003386653488633,2023-09-29
70,"Vận tải, kho bãi",79538.9966779244,9.582397055115123,2023-09-29
71,Dịch vụ lưu trú và ăn uống,36253.06505600602,8.841479187343438,2023-09-29
72,Thông tin và truyền thông,82117.31544406596,3.9478184852866463,2023-09-29
73,"Hoạt động tài chính, ngân hàng và bảo hiểm",80011.67610624965,6.0835981090774,2023-09-29
74,Hoạt động kinh doanh bất động sản,48809.338948596596,-1.1009016546944537,2023-09-29
75,"Hoạt động chuyên môn, khoa học và công nghệ",39406.18003175681,5.788843188571619,2023-09-29
76,Hoạt động hành chính và dịch vụ hỗ trợ,20191.594079619816,10.998243653487336,2023-09-29
77,"Hoạt động của Đảng Cộng sản, tổ chức chính trị- xã hội; quản lý Nhà nước, an ninh quốc phòng; đảm bảo xã hội bắt buộc",27893.21509639827,5.377259253955046,2023-09-29
78,Giáo dục và đào tạo,43985.90799164368,4.574352591015014,2023-09-29
79,Y tế và hoạt động trợ giúp xã hội,19597.14946023066,1.573559141569561,2023-09-29
80,"Nghệ thuật, vui chơi và giải trí",11535.622685312203,9.657701067238648,2023-09-29
81,Hoạt động dịch vụ khác,8744.899501312564,9.666821460512836,2023-09-29
82,"Hoạt động làm thuê các công việc trong các hộ gia đình, sản xuất sản phẩm vật chất và dịch vụ tự tiêu dùng của hộ gia đình",1532.71325501533,4.759724848760726,2023-09-29
83,Thuế sản phẩm trừ trợ cấp sản phẩm,129234,2.3288630605818383,2023-09-29
84,TỔNG SỐ,1407472.9780028649,3.2754571640641643,2023-06-29
85,"Nông, lâm nghiệp và thủy sản",143521.4970017262,2.8971602126519826,2023-06-29
86,Nông nghiệp,101984.23910199682,2.8505051621286555,2023-06-29
87,Lâm nghiệp,7303,3.7323460430978486,2023-06-29
88,Thủy sản,34233.664129457014,2.9100005437718437,2023-06-29
89,Công nghiệp và xây dựng,512382.6145217025,-0.35483822134544596,2023-06-29
90,Công nghiệp,420784,-0.7495387230460722,2023-06-29
91,Khai khoáng,41599.28643050542,-4.078889222540454,2023-06-29
92,"Công nghiệp chế biến, chế tạo",321965.73022533656,-0.4903239474343337,2023-06-29
93,"Sản xuất và phân phối điện, khí đốt, nước nóng, hơi nước và điều hòa không khí",49440,-0.20999999999999375,2023-06-29
94,"Cung cấp nước; hoạt động quản lý và xử lý rác thải, nước thải",7778.815530453428,4.688007094449588,2023-06-29
95,Xây dựng,91599.35247146257,1.8805970431693453,2023-06-29
96,Dịch vụ,623252.5027198007,6.561001661097478,2023-06-29
97,"Bán buôn và bán lẻ; sửa chữa ô tô, mô tô, xe máy và xe có động cơ khác",135910.9314100822,7.98255738980896,2023-06-29
98,"Vận tải, kho bãi",82738.33681197824,6.683090208338683,2023-06-29
99,Dịch vụ lưu trú và ăn uống,31744.76056429147,22.89171251087099,2023-06-29
100,Thông tin và truyền thông,80268.73720177531,1.2674572050278385,2023-06-29
101,"Hoạt động tài chính, ngân hàng và bảo hiểm",69548.6318382505,7.789891570570973,2023-06-29
102,Hoạt động kinh doanh bất động sản,47798.91659163793,-0.7383215725400589,2023-06-29
103,"Hoạt động chuyên môn, khoa học và công nghệ",38033.661796227585,6.702822045298177,2023-06-29
104,Hoạt động hành chính và dịch vụ hỗ trợ,22570.097979495862,16.762941476455097,2023-06-29
105,"Hoạt động của Đảng Cộng sản, tổ chức chính trị- xã hội; quản lý Nhà nước, an ninh quốc phòng; đảm bảo xã hội bắt buộc",28340.68511891899,4.420000000000002,2023-06-29
106,Giáo dục và đào tạo,45345.45821802248,3.8799999999999955,2023-06-29
107,Y tế và hoạt động trợ giúp xã hội,20391.81316635363,-0.8906012104186658,2023-06-29
108,"Nghệ thuật, vui chơi và giải trí",10024.214934412994,12.721125752452636,2023-06-29
109,Hoạt động dịch vụ khác,9004.057327556566,11.452683353009647,2023-06-29
110,"Hoạt động làm thuê các công việc trong các hộ gia đình, sản xuất sản phẩm vật chất và dịch vụ tự tiêu dùng của hộ gia đình",1532.1997607969124,4.239999999999995,2023-06-29
111,Thuế sản phẩm trừ trợ cấp sản phẩm,128316.36375963544,2.5500000000000114,2023-06-29
112,TỔNG SỐ,1320754.54785327,3.318918280789802,2023-03-29
113,"Nông, lâm nghiệp và thủy sản",140836.3475942324,2.5243977148109167,2023-03-29
114,Nông nghiệp,109002.0579984661,2.42900514739641,2023-03-29
115,Lâm nghiệp,5757.283307000149,3.6563738158337173,2023-03-29
116,Thủy sản,26077.006288766126,2.6765475402258403,2023-03-29
117,Công nghiệp và xây dựng,459242.83658296533,-0.4043055208035611,2023-03-29
118,Công nghiệp,388692.93674879364,-0.820733585737571,2023-03-29
119,Khai khoáng,39265.77362424832,-5.600361371925487,2023-03-29
120,"Công nghiệp chế biến, chế tạo",297173.0598460032,-0.37088282594453403,2023-03-29
121,"Sản xuất và phân phối điện, khí đốt, nước nóng, hơi nước và điều hòa không khí",45134.40536165214,-0.31863082127773623,2023-03-29
122,"Cung cấp nước; hoạt động quản lý và xử lý rác thải, nước thải",7119.6979168899625,5.380100874833872,2023-03-29
123,Xây dựng,70549.89983417172,1.9541864939677964,2023-03-29
124,Dịch vụ,590816.6225768188,6.78833688102425,2023-03-29
125,"Bán buôn và bán lẻ; sửa chữa ô tô, mô tô, xe máy và xe có động cơ khác",130312.8539860835,8.093933791679731,2023-03-29
126,"Vận tải, kho bãi",77665.06340806381,6.84568079558359,2023-03-29
127,Dịch vụ lưu trú và ăn uống,35611.162810871145,25.977295923400945,2023-03-29
128,Thông tin và truyền thông,78663.66193320256,1.4994298615646642,2023-03-29
129,"Hoạt động tài chính, ngân hàng và bảo hiểm",72585.3569345439,7.648709669598432,2023-03-29
130,Hoạt động kinh doanh bất động sản,46620.47285260145,-0.109786036705259,2023-03-29
131,"Hoạt động chuyên môn, khoa học và công nghệ",32669.268231151258,6.115980810610154,2023-03-29
132,Hoạt động hành chính và dịch vụ hỗ trợ,22146.083386134356,17.9857089319472,2023-03-29
133,"Hoạt động của Đảng Cộng sản, tổ chức chính trị-xã hội; quản lý Nhà nước, an ninh quốc phòng; đảm bảo xã hội bắt buộc",21787.461441023508,4.459999999999994,2023-03-29
134,Giáo dục và đào tạo,38010.094013617876,3.1499999999999915,2023-03-29
135,Y tế và hoạt động trợ giúp xã hội,14935.33930708111,-1.5558598277618074,2023-03-29
136,"Nghệ thuật, vui chơi và giải trí",9518.12861554505,12.721125752452636,2023-03-29
137,Hoạt động dịch vụ khác,8770.432384503782,12.321905408838802,2023-03-29
138,"Hoạt động làm thuê các công việc trong các hộ gia đình, sản xuất sản phẩm vật chất và dịch vụ tự tiêu dùng của hộ gia đình",1521.243272395568,4.239999999999995,2023-03-29
139,Thuế sản phẩm trừ trợ cấp sản phẩm,129858.74109925347,2.5799999999999983,2023-03-29
140,TỔNG SỐ,1538951.3435323397,13.71443264446286,2022-12-29
141,"Nông, lâm nghiệp và thủy sản",178957.6007508889,3.6911619418131636,2022-12-29
142,Nông nghiệp,135140.29788352601,2.9773397631217335,2022-12-29
143,Lâm nghiệp,8371.676887505222,7.267307229910202,2022-12-29
144,Thủy sản,35445.625979857665,5.1549442380215424,2022-12-29
145,Công nghiệp và xây dựng,562396.4740368334,12.192176064239987,2022-12-29
146,Công nghiệp,447691,11.062030940516124,2022-12-29
147,Khai khoáng,36459,6.435393440586097,2022-12-29
148,"Công nghiệp chế biến, chế tạo",360071.756946437,11.584107755734195,2022-12-29
149,"Sản xuất và phân phối điện, khí đốt, nước nóng, hơi nước và điều hòa không khí",42915.123509268626,11.553029802459093,2022-12-29
150,"Cung cấp nước; hoạt động quản lý và xử lý rác thải, nước thải",8245.080150531614,9.53006724065881,2022-12-29
151,Xây dựng,114704.96617167412,17.53630998816149,2022-12-29
152,Dịch vụ,666854.013613726,19.344503013074316,2022-12-29
153,"Bán buôn và bán lẻ; sửa chữa ô tô, mô tô, xe máy và xe có động cơ khác",128221.8354674113,24.920460787899245,2022-12-29
154,"Vận tải, kho bãi",77196.24732071755,27.344412123613054,2022-12-29
155,Dịch vụ lưu trú và ăn uống,35446.91979058647,172.30386989298643,2022-12-29
156,Thông tin và truyền thông,85845.92189988361,9.771476785074043,2022-12-29
157,"Hoạt động tài chính, ngân hàng và bảo hiểm",91098.19330553726,9.318864435868377,2022-12-29
158,Hoạt động kinh doanh bất động sản,57908.13468302008,11.750545732813137,2022-12-29
159,"Hoạt động chuyên môn, khoa học và công nghệ",39935.09182089764,6.3269716649859475,2022-12-29
160,Hoạt động hành chính và dịch vụ hỗ trợ,20197.34334308184,125.49473267715814,2022-12-29
161,"Hoạt động của Đảng Cộng sản, tổ chức chính trị- xã hội; quản lý Nhà nước, an ninh quốc phòng; đảm bảo xã hội bắt buộc",37059.23613698612,3.756423001375069,2022-12-29
162,Giáo dục và đào tạo,50429.481237179716,5.9699022820274905,2022-12-29
163,Y tế và hoạt động trợ giúp xã hội,21165.781725840567,-17.777628312668327,2022-12-29
164,"Nghệ thuật, vui chơi và giải trí",11072.931304365555,28.44892137044829,2022-12-29
165,Hoạt động dịch vụ khác,9745.442030745828,55.12174030263759,2022-12-29
166,"Hoạt động làm thuê các công việc trong các hộ gia đình, sản xuất sản phẩm vật chất và dịch vụ tự tiêu dùng của hộ gia đình",1531.4535474725117,4.980000000000032,2022-12-29
167,Thuế sản phẩm trừ trợ cấp sản phẩm,130743.25513089112,8.093173884244294,2022-12-29
168,TỔNG SỐ,1376320.95164018,7.828583142557477,2022-09-29
169,"Nông, lâm nghiệp và thủy sản",148123.2246324832,3.051358017506331,2022-09-29
170,Nông nghiệp,105276.7926314883,2.2266367091025216,2022-09-29
171,Lâm nghiệp,6782,5.2916261182405435,2022-09-29
172,Thủy sản,36063.91402379449,5.083257032986438,2022-09-29
173,Công nghiệp và xây dựng,516566.66795200773,8.70379432418747,2022-09-29
174,Công nghiệp,423411.67467385554,9.51423846746647,2022-09-29
175,Khai khoáng,37482,4.499469034803354,2022-09-29
176,"Công nghiệp chế biến, chế tạo",327452.4547674595,11.073189067566986,2022-09-29
177,"Sản xuất và phân phối điện, khí đốt, nước nóng, hơi nước và điều hòa không khí",50682.938073042984,4.529999999999973,2022-09-29
178,"Cung cấp nước; hoạt động quản lý và xử lý rác thải, nước thải",7794.876314421302,6.30451460156452,2022-09-29
179,Xây dựng,93154.99327815216,4.943251171793193,2022-09-29
180,Dịch vụ,587646.7209197523,8.916258895297219,2022-09-29
181,"Bán buôn và bán lẻ; sửa chữa ô tô, mô tô, xe máy và xe có động cơ khác",113933.90221072928,8.324524001922413,2022-09-29
182,"Vận tải, kho bãi",73340.80823334288,9.496363749919183,2022-09-29
183,Dịch vụ lưu trú và ăn uống,33259.82588609738,26.59168479274095,2022-09-29
184,Thông tin và truyền thông,79432.05577809268,7.862624929478159,2022-09-29
185,"Hoạt động tài chính, ngân hàng và bảo hiểm",74445.22849123733,8.689680660494787,2022-09-29
186,Hoạt động kinh doanh bất động sản,49303.00696760155,6.228604354538831,2022-09-29
187,"Hoạt động chuyên môn, khoa học và công nghệ",37035.03106515236,6.2558458213275685,2022-09-29
188,Hoạt động hành chính và dịch vụ hỗ trợ,19891.55592826534,19.132303043978723,2022-09-29
189,"Hoạt động của Đảng Cộng sản, tổ chức chính trị- xã hội; quản lý Nhà nước, an ninh quốc phòng; đảm bảo xã hội bắt buộc",26088.013828490606,2.636707932287649,2022-09-29
190,Giáo dục và đào tạo,42095.806289255604,5.32998865853736,2022-09-29
191,Y tế và hoạt động trợ giúp xã hội,18957.154234607024,7.1035429702174895,2022-09-29
192,"Nghệ thuật, vui chơi và giải trí",10168.731289980507,14.845725550706518,2022-09-29
193,Hoạt động dịch vụ khác,8241.865012139999,15.782703908188836,2022-09-29
194,"Hoạt động làm thuê các công việc trong các hộ gia đình, sản xuất sản phẩm vật chất và dịch vụ tự tiêu dùng của hộ gia đình",1453.7357047597516,3.5931540481453936,2022-09-29
195,Thuế sản phẩm trừ trợ cấp sản phẩm,123984.33813593697,4.942319189024772,2022-09-29
196,TỔNG SỐ,1346821.3015521285,5.052647625549511,2022-06-29
197,"Nông, lâm nghiệp và thủy sản",141144.11407757463,2.530990760132724,2022-06-29
198,Nông nghiệp,99473.39520843241,2.403388624621215,2022-06-29
199,Lâm nghiệp,7128.158003798267,4.484429492903288,2022-06-29
200,Thủy sản,34542.56086534395,2.6135708976604377,2022-06-29
201,Công nghiệp và xây dựng,521538.4868116617,6.408035022807226,2022-06-29
202,Công nghiệp,437062.4845474508,6.974256921493847,2022-06-29
203,Khai khoáng,39505.40900227443,1.1140462154046276,2022-06-29
204,"Công nghiệp chế biến, chế tạo",342144.16483440285,7.724672664860989,2022-06-29
205,"Sản xuất và phân phối điện, khí đốt, nước nóng, hơi nước và điều hòa không khí",48346.3889997759,7.114308271373602,2022-06-29
206,"Cung cấp nước; hoạt động quản lý và xử lý rác thải, nước thải",7066.5217109975765,6.458793272552256,2022-06-29
207,Xây dựng,84476.00226421088,3.2812314028698637,2022-06-29
208,Dịch vụ,558902.7014410442,4.642051448361428,2022-06-29
209,"Bán buôn và bán lẻ; sửa chữa ô tô, mô tô, xe máy và xe có động cơ khác",116731.97199682609,3.421914323442593,2022-06-29
210,"Vận tải, kho bãi",65826.98481314095,6.9721755421095395,2022-06-29
211,Dịch vụ lưu trú và ăn uống,27843.000179812236,-1.180770867874898,2022-06-29
212,Thông tin và truyền thông,74230.31224919643,5.850106871138621,2022-06-29
213,"Hoạt động tài chính, ngân hàng và bảo hiểm",66312.4525289936,9.822497771103016,2022-06-29
214,Hoạt động kinh doanh bất động sản,46532.14089997716,1.853417831873898,2022-06-29
215,"Hoạt động chuyên môn, khoa học và công nghệ",36058.275497775125,6.270552675215768,2022-06-29
216,Hoạt động hành chính và dịch vụ hỗ trợ,18360.184138455137,-3.71295295106637,2022-06-29
217,"Hoạt động của Đảng Cộng sản, tổ chức chính trị- xã hội; quản lý Nhà nước, an ninh quốc phòng; đảm bảo xã hội bắt buộc",27474.415005011968,2.9199999999999875,2022-06-29
218,Giáo dục và đào tạo,43388.809607100295,5.1999999999998465,2022-06-29
219,Y tế và hoạt động trợ giúp xã hội,17862.739353425124,10.275929607664722,2022-06-29
220,"Nghệ thuật, vui chơi và giải trí",9150.040350810974,2.484621581786442,2022-06-29
221,Hoạt động dịch vụ khác,7690.408211512267,-4.020915940076421,2022-06-29
222,"Hoạt động làm thuê các công việc trong các hộ gia đình, sản xuất sản phẩm vật chất và dịch vụ tự tiêu dùng của hộ gia đình",1440.9666090068897,2.7299999999999898,2022-06-29
223,Thuế sản phẩm trừ trợ cấp sản phẩm,125235.99922184781,4.5800000000000125,2022-06-29
224,TỔNG SỐ,1255312.381476204,5.031830181024418,2022-03-29
225,"Nông, lâm nghiệp và thủy sản",130990.22678985418,2.4475643650120986,2022-03-29
226,Nông nghiệp,101499.7202754924,2.34758823029739,2022-03-29
227,Lâm nghiệp,5710.042265209298,3.8630878663990416,2022-03-29
228,Thủy sản,23780.46424915248,2.539525623928313,2022-03-29
229,Công nghiệp và xây dựng,462709.7753793206,6.383478489251587,2022-03-29
230,Công nghiệp,394308.68484233436,7.073884163209129,2022-03-29
231,Khai khoáng,37037.98258799184,1.227496016695568,2022-03-29
232,"Công nghiệp chế biến, chế tạo",304815.0047353936,7.792414224189571,2022-03-29
233,"Sản xuất và phân phối điện, khí đốt, nước nóng, hơi nước và điều hòa không khí",44929.2471390923,7.4211509999999805,2022-03-29
234,"Cung cấp nước; hoạt động quản lý và xử lý rác thải, nước thải",7527,6.536340935196904,2022-03-29
235,Xây dựng,68401.09053698623,2.5709043631656954,2022-03-29
236,Dịch vụ,535753.7766708999,4.578904723951638,2022-03-29
237,"Bán buôn và bán lẻ; sửa chữa ô tô, mô tô, xe máy và xe có động cơ khác",116702.98782219859,2.980492728833255,2022-03-29
238,"Vận tải, kho bãi",69372.84930651388,7.058038458118006,2022-03-29
239,Dịch vụ lưu trú và ăn uống,25868.453870269062,-1.7861932663423943,2022-03-29
240,Thông tin và truyền thông,73519.97057681406,5.6398914896448105,2022-03-29
241,"Hoạt động tài chính, ngân hàng và bảo hiểm",65885.20752964303,9.750209321407667,2022-03-29
242,Hoạt động kinh doanh bất động sản,46889.18632880993,1.7829491339387715,2022-03-29
243,"Hoạt động chuyên môn, khoa học và công nghệ",30862.290287371303,6.408466570237081,2022-03-29
244,Hoạt động hành chính và dịch vụ hỗ trợ,15943.333560144214,-3.874483147548972,2022-03-29
245,"Hoạt động của Đảng Cộng sản, tổ chức chính trị-xã hội; quản lý Nhà nước, an ninh quốc phòng; đảm bảo xã hội bắt buộc",21067.388524628255,2.9199999999999875,2022-03-29
246,Giáo dục và đào tạo,37058.216056048754,5.450000000000003,2022-03-29
247,Y tế và hoạt động trợ giúp xã hội,14594.221206406226,13.220208553432158,2022-03-29
248,"Nghệ thuật, vui chơi và giải trí",8708.867425229497,2.484621581786442,2022-03-29
249,Hoạt động dịch vụ khác,7841.362505309429,-3.749164906595553,2022-03-29
250,"Hoạt động làm thuê các công việc trong các hộ gia đình, sản xuất sản phẩm vật chất và dịch vụ tự tiêu dùng của hộ gia đình",1439.4416715136658,2.730000000000004,2022-03-29
251,Thuế sản phẩm trừ trợ cấp sản phẩm,125858,4.820000000000007,2022-03-29
252,TỔNG SỐ,1467489.7258432508,-6.0247748020650675,2021-12-29
253,"Nông, lâm nghiệp và thủy sản",157234.40851039463,1.196006503406366,2021-12-29
254,Nông nghiệp,116344.71513832983,2.6996018899423433,2021-12-29
255,Lâm nghiệp,7055.371441699634,2.5640665288527913,2021-12-29
256,Thủy sản,33834.32193036517,-3.871447021078154,2021-12-29
257,Công nghiệp và xây dựng,547528.6645866262,-5.486067695324408,2021-12-29
258,Công nghiệp,438203,-4.3956382243612495,2021-12-29
259,Khai khoáng,42271.2231356326,-9.07727019101084,2021-12-29
260,"Công nghiệp chế biến, chế tạo",347457,-4.090783293536205,2021-12-29
261,"Sản xuất và phân phối điện, khí đốt, nước nóng, hơi nước và điều hòa không khí",40746.8823344176,-2.593151942639281,2021-12-29
262,"Cung cấp nước; hoạt động quản lý và xử lý rác thải, nước thải",7728.0667497865925,-0.23161149070909914,2021-12-29
263,Xây dựng,109326.20999306046,-10.083013222665173,2021-12-29
264,Dịch vụ,634633,-8.571167828334808,2021-12-29
265,"Bán buôn và bán lẻ; sửa chữa ô tô, mô tô, xe máy và xe có động cơ khác",125067.97325028272,-17.050852765553557,2021-12-29
266,"Vận tải, kho bãi",75024.57664159182,-19.608807403436984,2021-12-29
267,Dịch vụ lưu trú và ăn uống,26041.7595686325,-54.06190772082648,2021-12-29
268,Thông tin và truyền thông,81373.96971571057,5.083810044444121,2021-12-29
269,"Hoạt động tài chính, ngân hàng và bảo hiểm",82650.643109335,7.889084210261757,2021-12-29
270,Hoạt động kinh doanh bất động sản,55171.852853601304,-9.719546262754335,2021-12-29
271,"Hoạt động chuyên môn, khoa học và công nghệ",37642.408423676934,3.47682219124556,2021-12-29
272,Hoạt động hành chính và dịch vụ hỗ trợ,16066.784141360136,-33.84235984227956,2021-12-29
273,"Hoạt động của Đảng Cộng sản, tổ chức chính trị- xã hội; quản lý Nhà nước, an ninh quốc phòng; đảm bảo xã hội bắt buộc",35561.674682346245,1.4557434343582543,2021-12-29
274,Giáo dục và đào tạo,47588.0122784332,1.8622141122203146,2021-12-29
275,Y tế và hoạt động trợ giúp xã hội,33947.8500521702,38.492226471162866,2021-12-29
276,"Nghệ thuật, vui chơi và giải trí",9508.830474578768,-7.873430186739952,2021-12-29
277,Hoạt động dịch vụ khác,7465.11427939521,-31.953191214724,2021-12-29
278,"Hoạt động làm thuê các công việc trong các hộ gia đình, sản xuất sản phẩm vật chất và dịch vụ tự tiêu dùng của hộ gia đình",1520.8522602072353,0.2999999999999261,2021-12-29
279,Thuế sản phẩm trừ trợ cấp sản phẩm,128094.351014908,-6.186815539106561,2021-12-29
280,TỔNG SỐ,1201065.954587767,6.570691712751994,2021-09-29
281,"Nông, lâm nghiệp và thủy sản",156016.90966242264,4.007539612366813,2021-09-29
282,Nông nghiệp,116001.54164544868,3.665093832795037,2021-09-29
283,Lâm nghiệp,6537.97083064686,4.009328772464585,2021-09-29
284,Thủy sản,33477.39718632708,5.032367358530763,2021-09-29
285,Công nghiệp và xây dựng,450933.1943209955,10.359445168696936,2021-09-29
286,Công nghiệp,370299.7199961913,11.178156141945152,2021-09-29
287,Khai khoáng,38261.13027959816,-4.6809321383318405,2021-09-29
288,"Công nghiệp chế biến, chế tạo",283026.53168470936,13.352709618284436,2021-09-29
289,"Sản xuất và phân phối điện, khí đốt, nước nóng, hơi nước và điều hòa không khí",41920.968302782785,12.82881825357751,2021-09-29
290,"Cung cấp nước; hoạt động quản lý và xử lý rác thải, nước thải",7091.08972910098,7.845006707143924,2021-09-29
291,Xây dựng,80633.47432480415,6.519390946954374,2021-09-29
292,Dịch vụ,481370.5966442115,4.2206013845476065,2021-09-29
293,"Bán buôn và bán lẻ; sửa chữa ô tô, mô tô, xe máy và xe có động cơ khác",87102.53411338851,4.648507367806559,2021-09-29
294,"Vận tải, kho bãi",55038.781551455344,-0.10950846280321969,2021-09-29
295,Dịch vụ lưu trú và ăn uống,13242.302417690293,-4.470394119192761,2021-09-29
296,Thông tin và truyền thông,69970.98937746303,5.306108754308994,2021-09-29
297,"Hoạt động tài chính, ngân hàng và bảo hiểm",67817.65640668983,9.496231788104097,2021-09-29
298,Hoạt động kinh doanh bất động sản,41912.98598608043,4.177712384471533,2021-09-29
299,"Hoạt động chuyên môn, khoa học và công nghệ",35002.81147613966,6.5320438591314485,2021-09-29
300,Hoạt động hành chính và dịch vụ hỗ trợ,11168.221589840767,0.8557433549785145,2021-09-29
301,"Hoạt động của Đảng Cộng sản, tổ chức chính trị- xã hội; quản lý Nhà nước, an ninh quốc phòng; đảm bảo xã hội bắt buộc",25454.875134905342,3.3667975895392175,2021-09-29
302,Giáo dục và đào tạo,39992.86142817815,4.444162825579838,2021-09-29
303,Y tế và hoạt động trợ giúp xã hội,19509.146290968092,13.713286602164246,2021-09-29
304,"Nghệ thuật, vui chơi và giải trí",8587.332779942726,-4.307296922920443,2021-09-29
305,Hoạt động dịch vụ khác,5204.230211858134,0.9386916233973892,2021-09-29
306,"Hoạt động làm thuê các công việc trong các hộ gia đình, sản xuất sản phẩm vật chất và dịch vụ tự tiêu dùng của hộ gia đình",1365.8678796111817,4.387868234250192,2021-09-29
307,Thuế sản phẩm trừ trợ cấp sản phẩm,112745.25396013714,5.26151105183483,2021-09-29
308,TỔNG SỐ,1248813,4.65043726396992,2021-06-29
309,"Nông, lâm nghiệp và thủy sản",137147,3.508361802767851,2021-06-29
310,Nông nghiệp,97464,3.551238912575144,2021-06-29
311,Lâm nghiệp,6772,3.82218186321046,2021-06-29
312,Thủy sản,32911,3.251557516626562,2021-06-29
313,Công nghiệp và xây dựng,478718,6.327061169791136,2021-06-29
314,Công nghiệp,398758,6.291114896622176,2021-06-29
315,Khai khoáng,38207,-8.543256248347873,2021-06-29
316,"Công nghiệp chế biến, chế tạo",308302,8.900785733514766,2021-06-29
317,"Sản xuất và phân phối điện, khí đốt, nước nóng, hơi nước và điều hòa không khí",45593,4.320999999999998,2021-06-29
318,"Cung cấp nước; hoạt động quản lý và xử lý rác thải, nước thải",6656,5.3770816577512335,2021-06-29
319,Xây dựng,79960,6.525732555626675,2021-06-29
320,Dịch vụ,515232,3.6187497864537335,2021-06-29
321,"Bán buôn và bán lẻ; sửa chữa ô tô, mô tô, xe máy và xe có động cơ khác",107751,6.586102653535562,2021-06-29
322,"Vận tải, kho bãi",60187,-0.6454696010435867,2021-06-29
323,Dịch vụ lưu trú và ăn uống,22112,-5.477703964729244,2021-06-29
324,Thông tin và truyền thông,69848,5.126665716395422,2021-06-29
325,"Hoạt động tài chính, ngân hàng và bảo hiểm",60947,8.672459092224742,2021-06-29
326,Hoạt động kinh doanh bất động sản,43839,3.877873907372148,2021-06-29
327,"Hoạt động chuyên môn, khoa học và công nghệ",33673,5.62391758051011,2021-06-29
328,Hoạt động hành chính và dịch vụ hỗ trợ,15739,-10.122797993357992,2021-06-29
329,"Hoạt động của Đảng Cộng sản, tổ chức chính trị- xã hội; quản lý Nhà nước, an ninh quốc phòng; đảm bảo xã hội bắt buộc",26768,3.0286595699623433,2021-06-29
330,Giáo dục và đào tạo,41931,6.042334701917767,2021-06-29
331,Y tế và hoạt động trợ giúp xã hội,16424,9.566017464850418,2021-06-29
332,"Nghệ thuật, vui chơi và giải trí",8025,-6.052596179655794,2021-06-29
333,Hoạt động dịch vụ khác,6595,0.12702665145552317,2021-06-29
334,"Hoạt động làm thuê các công việc trong các hộ gia đình, sản xuất sản phẩm vật chất và dịch vụ tự tiêu dùng của hộ gia đình",1391,4.703837339834777,2021-06-29
335,Thuế sản phẩm trừ trợ cấp sản phẩm,117716,4.355000000000004,2021-06-29
336,TỔNG SỐ,1189215.6721002443,4.480000000000004,2021-03-29
337,"Nông, lâm nghiệp và thủy sản",125510.1689891289,3.1599999999999966,2021-03-29
338,Nông nghiệp,95591.8433020115,3.1899999999999977,2021-03-29
339,Lâm nghiệp,5388.65339155448,3.780000000000001,2021-03-29
340,Thủy sản,24529.6722955629,2.9000000000000057,2021-03-29
341,Công nghiệp và xây dựng,434967.298246337,6.299999999999997,2021-03-29
342,Công nghiệp,369018.1170519173,6.5,2021-03-29
343,Khai khoáng,41016.21111859982,-8.239999999999995,2021-03-29
344,"Công nghiệp chế biến, chế tạo",280484.74457750487,9.450000000000003,2021-03-29
345,"Sản xuất và phân phối điện, khí đốt, nước nóng, hơi nước và điều hòa không khí",41229.31765279837,4.5,2021-03-29
346,"Cung cấp nước; hoạt động quản lý và xử lý rác thải, nước thải",6287.843703014237,3.780000000000001,2021-03-29
347,Xây dựng,65949.1811944197,5.170000000000002,2021-03-29
348,Dịch vụ,508696.9460303254,3.3400000000000034,2021-03-29
349,"Bán buôn và bán lẻ; sửa chữa ô tô, mô tô, xe máy và xe có động cơ khác",113592.08989786098,6.450000000000003,2021-03-29
350,"Vận tải, kho bãi",67264.14227098378,-2.1700000000000017,2021-03-29
351,Dịch vụ lưu trú và ăn uống,26821.700038156574,-4.489999999999995,2021-03-29
352,Thông tin và truyền thông,63902.32808910429,5.170000000000002,2021-03-29
353,"Hoạt động tài chính, ngân hàng và bảo hiểm",59329.13174739795,7.349999999999994,2021-03-29
354,Hoạt động kinh doanh bất động sản,45941.71227788909,3.5900000000000034,2021-03-29
355,"Hoạt động chuyên môn, khoa học và công nghệ",28891.210922470058,5.299999999999997,2021-03-29
356,Hoạt động hành chính và dịch vụ hỗ trợ,16639.18174601386,-8.219999999999999,2021-03-29
357,"Hoạt động của Đảng Cộng sản, tổ chức chính trị-xã hội; quản lý Nhà nước, an ninh quốc phòng; đảm bảo xã hội bắt buộc",20469.67404258478,3.030000000000001,2021-03-29
358,Giáo dục và đào tạo,35142.92655860479,6.040000000000006,2021-03-29
359,Y tế và hoạt động trợ giúp xã hội,12880.458331325763,9.560000000000002,2021-03-29
360,"Nghệ thuật, vui chơi và giải trí",8686.142520549633,-4.019999999999996,2021-03-29
361,Hoạt động dịch vụ khác,7707.280800238059,1.480000000000004,2021-03-29
362,"Hoạt động làm thuê các công việc trong các hộ gia đình, sản xuất sản phẩm vật chất và dịch vụ tự tiêu dùng của hộ gia đình",1428.9667871456907,5.290000000000006,2021-03-29
363,Thuế sản phẩm trừ trợ cấp sản phẩm,120041.25883445298,4.319999999999993,2021-03-29
364,TỔNG SỐ,1268385.2747279687,2.6906815676666724,2020-12-27
365,"Nông, lâm nghiệp và thủy sản",164726.43385723067,2.792638717366998,2020-12-27
366,Nông nghiệp,120257,2.753241674333168,2020-12-27
367,Lâm nghiệp,8219.714465194076,1.7895882641815177,2020-12-27
368,Thủy sản,36249.052383748625,3.115899354447265,2020-12-27
369,Công nghiệp và xây dựng,473977.5165922063,3.1995097804007173,2020-12-27
370,Công nghiệp,369763,2.3396199785998846,2020-12-27
371,Khai khoáng,71320.80423640415,-5.9012423428981435,2020-12-27
372,"Công nghiệp chế biến, chế tạo",234972.83452949912,3.8587273418847445,2020-12-27
373,"Sản xuất và phân phối điện, khí đốt, nước nóng, hơi nước và điều hòa không khí",56573.726612475424,3.9685819857029117,2020-12-27
374,"Cung cấp nước; hoạt động quản lý và xử lý rác thải, nước thải",6895.127136953666,5.456932727820856,2020-12-27
375,Xây dựng,104215.02407687402,7.041429442836659,2020-12-27
376,Dịch vụ,496222.97108004056,2.7994731097168,2020-12-27
377,"Bán buôn và bán lẻ; sửa chữa ô tô, mô tô, xe máy và xe có động cơ khác",134979.14018655545,5.516306963723309,2020-12-27
378,"Vận tải, kho bãi",36250.63668696786,0.6294568904991849,2020-12-27
379,Dịch vụ lưu trú và ăn uống,37405.591978407494,-10.784301158695285,2020-12-27
380,Thông tin và truyền thông,13992.174914685249,7.2556391489139145,2020-12-27
381,"Hoạt động tài chính, ngân hàng và bảo hiểm",92820.82058968383,6.545249738496594,2020-12-27
382,Hoạt động kinh doanh bất động sản,50426.085931749774,-0.3548243163389486,2020-12-27
383,"Hoạt động chuyên môn, khoa học và công nghệ",20155.45209699805,6.486903985227627,2020-12-27
384,Hoạt động hành chính và dịch vụ hỗ trợ,3675.480946696074,-13.063126150469444,2020-12-27
385,"Hoạt động của Đảng Cộng sản, tổ chức chính trị- xã hội; quản lý Nhà nước, an ninh quốc phòng; đảm bảo xã hội bắt buộc",34417.57751103581,6.06541187500018,2020-12-27
386,Giáo dục và đào tạo,29518.27166143332,6.319942776001383,2020-12-27
387,Y tế và hoạt động trợ giúp xã hội,14757.528489461845,10.646785177921103,2020-12-27
388,"Nghệ thuật, vui chơi và giải trí",9158.018047968955,-1.781558462490878,2020-12-27
389,Hoạt động dịch vụ khác,16942.02188112832,-0.5165697278855248,2020-12-27
390,"Hoạt động làm thuê các công việc trong các hộ gia đình, sản xuất sản phẩm vật chất và dịch vụ tự tiêu dùng của hộ gia đình",1724.1701572685374,-0.5325553295962777,2020-12-27
391,Thuế sản phẩm trừ trợ cấp sản phẩm,133458.35319849127,0.5346075818351608,2020-12-27
392,TỔNG SỐ,983729.772117401,0.38737567698500186,2020-09-29
393,"Nông, lâm nghiệp và thủy sản",128734.920312387,1.7975279129550046,2020-09-29
394,Nông nghiệp,88799.770832124,1.7513961848640065,2020-09-29
395,Lâm nghiệp,7073.86654329891,0.49943742881499986,2020-09-29
396,Thủy sản,32861.2829369645,2.216735633235004,2020-09-29
397,Công nghiệp và xây dựng,355167.847595787,1.6915000301469973,2020-09-29
398,Công nghiệp,288494.63796807,1.1049690181669973,2020-09-29
399,Khai khoáng,42635.7583355264,-5.762256897282398,2020-09-29
400,"Công nghiệp chế biến, chế tạo",197318.389668776,3.3833880622659933,2020-09-29
401,"Sản xuất và phân phối điện, khí đốt, nước nóng, hơi nước và điều hòa không khí",42258.8814149509,-0.06760815902059392,2020-09-29
402,"Cung cấp nước; hoạt động quản lý và xử lý rác thải, nước thải",6281.60854881595,1.410436571223002,2020-09-29
403,Xây dựng,66673.2096277172,4.654096475756006,2020-09-29
404,Dịch vụ,392478.805810164,-1.9347080626880029,2020-09-29
405,"Bán buôn và bán lẻ; sửa chữa ô tô, mô tô, xe máy và xe có động cơ khác",98898.3011533046,2.989311957832001,2020-09-29
406,"Vận tải, kho bãi",28773.8752071514,-9.895618300876507,2020-09-29
407,Dịch vụ lưu trú và ăn uống,32289.7823029097,-29.298893546233103,2020-09-29
408,Thông tin và truyền thông,11069.6358836233,7.518337503341002,2020-09-29
409,"Hoạt động tài chính, ngân hàng và bảo hiểm",72821.7589412442,6.2841027304880015,2020-09-29
410,,45823.2953241545,-2.3359694485172042,2020-09-29
411,"Hoạt động chuyên môn, khoa học và công nghệ",14981.6380969448,6.706625118906999,2020-09-29
412,Hoạt động hành chính và dịch vụ hỗ trợ,3675.78841561922,-19.203682967643104,2020-09-29
413,"Hoạt động của Đảng Cộng sản, tổ chức chính trị- xã hội; quản lý Nhà nước, an ninh quốc phòng; đảm bảo xã hội bắt buộc",24550.3293936761,6.831735749117996,2020-09-29
414,Giáo dục và đào tạo,24890.7645887594,5.3926040970780065,2020-09-29
415,Y tế và hoạt động trợ giúp xã hội,11546.1149415485,10.564282782345998,2020-09-29
416,"Nghệ thuật, vui chơi và giải trí",7011.6524071014,-2.109252915527094,2020-09-29
417,Hoạt động dịch vụ khác,14798.1910833951,-12.359631468364697,2020-09-29
418,"Hoạt động làm thuê các công việc trong các hộ gia đình, sản xuất sản phẩm vật chất và dịch vụ tự tiêu dùng của hộ gia đình",1347.67807073209,3.853048872814,2020-09-29
419,Thuế sản phẩm trừ trợ cấp sản phẩm,107348.198399063,1.5538660849939987,2020-09-29
420,TỔNG SỐ,887862.3943674408,3.682109821377864,2020-06-29
421,"Nông, lâm nghiệp và thủy sản",158542.44163322766,0.038229022409865365,2020-06-29
422,Nông nghiệp,123911.81664145118,-1.1600000000000108,2020-06-29
423,Lâm nghiệp,5039.862060072695,4.280000000000001,2020-06-29
424,Thủy sản,29590,2.7900000000000063,2020-06-29
425,Công nghiệp và xây dựng,315685.69506702636,4.996262169486627,2020-06-29
426,Công nghiệp,261863.71801151393,5.097146168804542,2020-06-29
427,Khai khoáng,46989.45023142156,-4.179999999999993,2020-06-29
428,"Công nghiệp chế biến, chế tạo",174189.5307571351,7.11999999999999,2020-06-29
429,"Sản xuất và phân phối điện, khí đốt, nước nóng, hơi nước và điều hòa không khí",35166,7.459999999999994,2020-06-29
430,"Cung cấp nước; hoạt động quản lý và xử lý rác thải, nước thải",5519.364169270331,6.670000000000002,2020-06-29
431,Xây dựng,53821.97705551237,4.369,2020-06-29
432,Dịch vụ,313378.2334971881,3.2566047358565413,2020-06-29
433,"Bán buôn và bán lẻ; sửa chữa ô tô, mô tô, xe máy và xe có động cơ khác",77966.2744692266,5.689999999999998,2020-06-29
434,"Vận tải, kho bãi",23808.23880790075,-0.9000000000000057,2020-06-29
435,Dịch vụ lưu trú và ăn uống,25078.97030346595,-11.040000000000006,2020-06-29
436,Thông tin và truyền thông,9928.795478980554,7.480000000000004,2020-06-29
437,"Hoạt động tài chính, ngân hàng và bảo hiểm",39665.90563585947,7.400000000000006,2020-06-29
438,Hoạt động kinh doanh bất động sản,40759.957152821014,2.6495955779777205,2020-06-29
439,"Hoạt động chuyên môn, khoa học và công nghệ",10823.35872891482,6.269999999999996,2020-06-29
440,Hoạt động hành chính và dịch vụ hỗ trợ,2328.36361320456,-3.5,2020-06-29
441,"Hoạt động của Đảng Cộng sản, tổ chức chính trị- xã hội; quản lý Nhà nước, an ninh quốc phòng; đảm bảo xã hội bắt buộc",25639.041657592883,4.890000000000001,2020-06-29
442,Giáo dục và đào tạo,25082.941104119236,5.980000000000004,2020-06-29
443,Y tế và hoạt động trợ giúp xã hội,12304.516205732558,9.969999999999985,2020-06-29
444,"Nghệ thuật, vui chơi và giải trí",6027.6527100736475,5.6200000000000045,2020-06-29
445,Hoạt động dịch vụ khác,12740.919686930505,5.859999999999999,2020-06-29
446,"Hoạt động làm thuê các công việc trong các hộ gia đình, sản xuất sản phẩm vật chất và dịch vụ tự tiêu dùng của hộ gia đình",1223.297942365472,5.590000000000003,2020-06-29
447,Thuế sản phẩm trừ trợ cấp sản phẩm,100256.02416999856,4.3454008122631365,2020-06-29
448,TỔNG SỐ,707222.7484354163,3.8208067991526633,2020-03-27
449,"Nông, lâm nghiệp và thủy sản",72405.61902713309,0.07643527964663122,2020-03-27
450,Nông nghiệp,51445.96341132022,-1.1699999999999875,2020-03-27
451,Lâm nghiệp,4600.01280928692,5.030000000000001,2020-03-27
452,Thủy sản,16359.642806525942,2.7900000000000063,2020-03-27
453,Công nghiệp và xây dựng,260601.7699201979,5.153737412416632,2020-03-27
454,Công nghiệp,224765.07975515228,5.279948512703086,2020-03-27
455,Khai khoáng,37785.92107563121,-3.180000000000021,2020-03-27
456,"Công nghiệp chế biến, chế tạo",147153.24272515273,7.11999999999999,2020-03-27
457,"Sản xuất và phân phối điện, khí đốt, nước nóng, hơi nước và điều hòa không khí",35138.39872135964,7.459999999999994,2020-03-27
458,"Cung cấp nước; hoạt động quản lý và xử lý rác thải, nước thải",4687.517233008708,6.670000000000002,2020-03-27
459,Xây dựng,35836.69016504561,4.369,2020-03-27
460,Dịch vụ,285964.16488965857,3.2664134395617594,2020-03-27
461,"Bán buôn và bán lẻ; sửa chữa ô tô, mô tô, xe máy và xe có động cơ khác",77744.64735981327,5.689999999999998,2020-03-27
462,"Vận tải, kho bãi",21474.62401346284,-0.9000000000000057,2020-03-27
463,Dịch vụ lưu trú và ăn uống,25456.499669005647,-11.040000000000006,2020-03-27
464,Thông tin và truyền thông,9125.620705222153,7.780000000000015,2020-03-27
465,"Hoạt động tài chính, ngân hàng và bảo hiểm",29737.901012730035,7.193999999999988,2020-03-27
466,Hoạt động kinh doanh bất động sản,40141.202496759135,2.6495955779777205,2020-03-27
467,"Hoạt động chuyên môn, khoa học và công nghệ",8876.364596596211,6.980000000000004,2020-03-27
468,Hoạt động hành chính và dịch vụ hỗ trợ,3307.009784284203,-3.5,2020-03-27
469,"Hoạt động của Đảng Cộng sản, tổ chức chính trị-xã hội; quản lý Nhà nước, an ninh quốc phòng; đảm bảo xã hội bắt buộc",19670.435112378786,4.890000000000001,2020-03-27
470,Giáo dục và đào tạo,21113.20060991372,5.980000000000004,2020-03-27
471,Y tế và hoạt động trợ giúp xã hội,9847.70630458518,9.969999999999985,2020-03-27
472,"Nghệ thuật, vui chơi và giải trí",5464.9505170263,5.6200000000000045,2020-03-27
473,Hoạt động dịch vụ khác,12764.603691343276,5.859999999999999,2020-03-27
474,"Hoạt động làm thuê các công việc trong các hộ gia đình, sản xuất sản phẩm vật chất và dịch vụ tự tiêu dùng của hộ gia đình",1239.399016537874,5.590000000000003,2020-03-27
475,Thuế sản phẩm trừ trợ cấp sản phẩm,88251.19459842671,4.939622622171697,2020-03-27
476,TỔNG SỐ,1214051.9918900053,7.483672006638997,2019-12-27
477,"Nông, lâm nghiệp và thủy sản",157354.08487776443,2.00450834888089,2019-12-27
478,Nông nghiệp,114591.02980713459,0.4299999999999926,2019-12-27
479,Lâm nghiệp,7873.344439202419,5,2019-12-27
480,Thủy sản,34889.71063142741,5.800000000000011,2019-12-27
481,Công nghiệp và xây dựng,448831.56001906615,10.158517538911767,2019-12-27
482,Công nghiệp,352833.1721471392,10.423492343313882,2019-12-27
483,Khai khoáng,75952,4.200000000000003,2019-12-27
484,"Công nghiệp chế biến, chế tạo",216302.56257467787,11.959999999999994,2019-12-27
485,"Sản xuất và phân phối điện, khí đốt, nước nóng, hơi nước và điều hòa không khí",54209.200066224876,10.830000000000013,2019-12-27
486,"Cung cấp nước; hoạt động quản lý và xử lý rác thải, nước thải",6368.892502537825,9.5,2019-12-27
487,Xây dựng,95999,8.990000000000009,2019-12-27
488,Dịch vụ,475814.38179342623,7.276377828622003,2019-12-27
489,"Bán buôn và bán lẻ; sửa chữa ô tô, mô tô, xe máy và xe có động cơ khác",126182.07437921863,8.659999999999997,2019-12-27
490,"Vận tải, kho bãi",35863.392096412135,9.010000000000005,2019-12-27
491,Dịch vụ lưu trú và ăn uống,40680.55050401404,6.339999999999989,2019-12-27
492,Thông tin và truyền thông,13023.06152866616,7.650000000000006,2019-12-27
493,"Hoạt động tài chính, ngân hàng và bảo hiểm",86579.4198549065,8.509999999999991,2019-12-27
494,Hoạt động kinh doanh bất động sản,49761.99676143579,4.654089891868523,2019-12-27
495,"Hoạt động chuyên môn, khoa học và công nghệ",18862.618579513957,6.709999999999994,2019-12-27
496,Hoạt động hành chính và dịch vụ hỗ trợ,4124.056785506513,7.8999999999999915,2019-12-27
497,"Hoạt động của Đảng Cộng sản, tổ chức chính trị- xã hội; quản lý Nhà nước, an ninh quốc phòng; đảm bảo xã hội bắt buộc",32216.45606643938,4.47999999999999,2019-12-27
498,Giáo dục và đào tạo,27670.3460228287,7.010000000000005,2019-12-27
499,Y tế và hoạt động trợ giúp xã hội,13299.419817966475,6.810000000000002,2019-12-27
500,"Nghệ thuật, vui chơi và giải trí",9269.093875679602,7.349999999999994,2019-12-27
501,Hoạt động dịch vụ khác,16620.873576573336,5.800000000000011,2019-12-27
502,"Hoạt động làm thuê các công việc trong các hộ gia đình, sản xuất sản phẩm vật chất và dịch vụ tự tiêu dùng của hộ gia đình",1661.021944265056,6.25,2019-12-27
503,Thuế sản phẩm trừ trợ cấp sản phẩm,132051.9651997484,6.563000000000002,2019-12-27
504,TỔNG SỐ,957109.4754069605,6.7335223211843385,2019-09-28
505,"Nông, lâm nghiệp và thủy sản",124487.32966218643,2.044166668834464,2019-09-28
506,Nông nghiệp,85604.99283452902,0.8261175073757556,2019-09-28
507,Lâm nghiệp,6893.786527265524,3.772286090583492,2019-09-28
508,Thủy sản,31988,7.181151147364147,2019-09-28
509,Công nghiệp và xây dựng,344648,9.138458445595973,2019-09-28
510,Công nghiệp,281554,9.236676788578578,2019-09-28
511,Khai khoáng,45440.03672694662,3.233811601755349,2019-09-28
512,"Công nghiệp chế biến, chế tạo",189512.15992336866,10.904804169691332,2019-09-28
513,"Sản xuất và phân phối điện, khí đốt, nước nóng, hơi nước và điều hòa không khí",40645.818773177154,10.759157014381216,2019-09-28
514,"Cung cấp nước; hoạt động quản lý và xử lý rác thải, nước thải",5956,7.081971207589206,2019-09-28
515,Xây dựng,63094.058601101075,8.645039813927696,2019-09-28
516,Dịch vụ,381358.7056293976,6.851507335269787,2019-09-28
517,"Bán buôn và bán lẻ; sửa chữa ô tô, mô tô, xe máy và xe có động cơ khác",93268.22058132516,8.265410758938188,2019-09-28
518,"Vận tải, kho bãi",28786.237400773396,8.160004252138549,2019-09-28
519,Dịch vụ lưu trú và ăn uống,35528.83661221316,6.949107437939219,2019-09-28
520,Thông tin và truyền thông,10335.177201507968,7.698683559405865,2019-09-28
521,"Hoạt động tài chính, ngân hàng và bảo hiểm",68285.46674536106,8.041717111510053,2019-09-28
522,Hoạt động kinh doanh bất động sản,45938.74762297468,4.129551855363502,2019-09-28
523,"Hoạt động chuyên môn, khoa học và công nghệ",14068.995844806515,6.738194110018753,2019-09-28
524,Hoạt động hành chính và dịch vụ hỗ trợ,4228.112022961897,8.908074296082177,2019-09-28
525,"Hoạt động của Đảng Cộng sản, tổ chức chính trị- xã hội; quản lý Nhà nước, an ninh quốc phòng; đảm bảo xã hội bắt buộc",23159.696964948565,3.7779646580584654,2019-09-28
526,Giáo dục và đào tạo,23426.5050323682,7.256556088757989,2019-09-28
527,Y tế và hoạt động trợ giúp xã hội,10655.955009592233,7.228776139140663,2019-09-28
528,"Nghệ thuật, vui chơi và giải trí",6975.3632412385205,7.402050956227299,2019-09-28
529,Hoạt động dịch vụ khác,15347.135317364673,5.519340607031438,2019-09-28
530,"Hoạt động làm thuê các công việc trong các hộ gia đình, sản xuất sản phẩm vật chất và dịch vụ tự tiêu dùng của hộ gia đình",1354.2560319616266,5.689851455471853,2019-09-28
531,Thuế sản phẩm trừ trợ cấp sản phẩm,106614.80317326619,6.677650803587156,2019-09-28
532,TỔNG SỐ,884508.4194200466,6.821605332853736,2019-06-28
533,"Nông, lâm nghiệp và thủy sản",156090.26646687242,2.8078504071970656,2019-06-28
534,Nông nghiệp,122115.47265933859,1.9300000000000068,2019-06-28
535,Lâm nghiệp,5045.925225258724,4.089999999999989,2019-06-28
536,Thủy sản,28928.868582275103,5.420000000000002,2019-06-28
537,Công nghiệp và xây dựng,311394.44893756317,8.675626012761512,2019-06-28
538,Công nghiệp,259933.2085502279,9.003577871881618,2019-06-28
539,Khai khoáng,50175.03105213556,-0.030000000000001137,2019-06-28
540,"Công nghiệp chế biến, chế tạo",168785.0353869883,11.519999999999996,2019-06-28
541,"Sản xuất và phân phối điện, khí đốt, nước nóng, hơi nước và điều hòa không khí",35530,10.489999999999995,2019-06-28
542,"Cung cấp nước; hoạt động quản lý và xử lý rác thải, nước thải",5442.599751943603,8.679999999999993,2019-06-28
543,Xây dựng,51461.24038733522,6.679999999999993,2019-06-28
544,Dịch vụ,318983.76554010424,6.49573825747494,2019-06-28
545,"Bán buôn và bán lẻ; sửa chữa ô tô, mô tô, xe máy và xe có động cơ khác",75732.25926546249,7.909999999999997,2019-06-28
546,"Vận tải, kho bãi",25013.712862059943,7.5800000000000125,2019-06-28
547,Dịch vụ lưu trú và ăn uống,35111.27867093199,5.909999999999997,2019-06-28
548,Thông tin và truyền thông,9234.513581157309,7.430000000000007,2019-06-28
549,"Hoạt động tài chính, ngân hàng và bảo hiểm",37308.39750371927,7.709999999999994,2019-06-28
550,Hoạt động kinh doanh bất động sản,42089.25631797347,4.745125083145126,2019-06-28
551,"Hoạt động chuyên môn, khoa học và công nghệ",10127.55901229658,6.719999999999999,2019-06-28
552,Hoạt động hành chính và dịch vụ hỗ trợ,2976.880261901269,7.5,2019-06-28
553,"Hoạt động của Đảng Cộng sản, tổ chức chính trị- xã hội; quản lý Nhà nước, an ninh quốc phòng; đảm bảo xã hội bắt buộc",23999.461843251527,2.8299999999999983,2019-06-28
554,Giáo dục và đào tạo,23841.05055812042,6.519999999999996,2019-06-28
555,Y tế và hoạt động trợ giúp xã hội,11181.650981477447,6.849999999999994,2019-06-28
556,"Nghệ thuật, vui chơi và giải trí",6157.530603860041,7.309999999999988,2019-06-28
557,Hoạt động dịch vụ khác,15032.301676048988,4.760000000000005,2019-06-28
558,"Hoạt động làm thuê các công việc trong các hộ gia đình, sản xuất sản phẩm vật chất và dịch vụ tự tiêu dùng của hộ gia đình",1177.9124018435007,5.450000000000003,2019-06-28
559,Thuế sản phẩm trừ trợ cấp sản phẩm,98039.93847550669,6.11999999999999,2019-06-28
560,TỔNG SỐ,681009.9714904743,6.7925045418773635,2019-03-29
561,"Nông, lâm nghiệp và thủy sản",72260.67237888054,2.680466597164383,2019-03-29
562,Nông nghiệp,52009.04456177153,1.8400000000000034,2019-03-29
563,Lâm nghiệp,4385,4.200000000000003,2019-03-29
564,Thủy sản,15867.286199808832,5.099999999999994,2019-03-29
565,Công nghiệp và xây dựng,247733.10807092945,8.633445487357875,2019-03-29
566,Công nghiệp,213396.58078308956,8.954465595921391,2019-03-29
567,Khai khoáng,38179.839421737,-2.200000000000003,2019-03-29
568,"Công nghiệp chế biến, chế tạo",138395.9733192333,12.350999999999999,2019-03-29
569,"Sản xuất và phân phối điện, khí đốt, nước nóng, hơi nước và điều hòa không khí",32435.65787240639,9.600000000000009,2019-03-29
570,"Cung cấp nước; hoạt động quản lý và xử lý rác thải, nước thải",4385.110169712858,8.450000000000003,2019-03-29
571,Xây dựng,34336,6.679999999999993,2019-03-29
572,Dịch vụ,276919.07653495535,6.495825244093282,2019-03-29
573,"Bán buôn và bán lẻ; sửa chữa ô tô, mô tô, xe máy và xe có động cơ khác",73497.78230609615,7.820000000000007,2019-03-29
574,"Vận tải, kho bãi",21655.55089397616,7.509999999999991,2019-03-29
575,Dịch vụ lưu trú và ăn uống,28699.42804322308,6.219999999999999,2019-03-29
576,Thông tin và truyền thông,8466.8961822436,7.430000000000007,2019-03-29
577,"Hoạt động tài chính, ngân hàng và bảo hiểm",27742.13203419038,7.709999999999994,2019-03-29
578,Hoạt động kinh doanh bất động sản,39105.14324957764,4.7453048696641105,2019-03-29
579,"Hoạt động chuyên môn, khoa học và công nghệ",8297.218729291653,6.719999999999999,2019-03-29
580,Hoạt động hành chính và dịch vụ hỗ trợ,3421.2149902338174,7.319999999999993,2019-03-29
581,"Hoạt động của Đảng Cộng sản, tổ chức chính trị- xã hội; quản lý Nhà nước, an ninh quốc phòng; đảm bảo xã hội bắt buộc",18753.39413898254,2.8299999999999983,2019-03-29
582,Giáo dục và đào tạo,19921.872626829325,6.519999999999996,2019-03-29
583,Y tế và hoạt động trợ giúp xã hội,8954.902523038265,6.849999999999994,2019-03-29
584,"Nghệ thuật, vui chơi và giải trí",5171.751731747992,7.260000000000005,2019-03-29
585,Hoạt động dịch vụ khác,12058.004620577438,4.760000000000005,2019-03-29
586,"Hoạt động làm thuê các công việc trong các hộ gia đình, sản xuất sản phẩm vật chất và dịch vụ tự tiêu dùng của hộ gia đình",1173.7844649473188,5.450000000000003,2019-03-29
587,Thuế sản phẩm trừ trợ cấp sản phẩm,84097.11450570908,6.11999999999999,2019-03-29
588,TỔNG SỐ,1134962.8803352201,6.8230300836627436,2018-12-27
589,"Nông, lâm nghiệp và thủy sản",154845.12749732152,3.5940818875264853,2018-12-27
590,Nông nghiệp,114657.84393173127,2.411305844128833,2018-12-27
591,Lâm nghiệp,7408.854436764943,6.281910639614878,2018-12-27
592,Thủy sản,32778.4291288253,6.481384265326099,2018-12-27
593,Công nghiệp và xây dựng,415876.2,8.76284768311902,2018-12-27
594,Công nghiệp,328854.7929570185,8.503467401953444,2018-12-27
595,Khai khoáng,76659,-5.509836216084523,2018-12-27
596,"Công nghiệp chế biến, chế tạo",195108.80743025307,13.080063031919195,2018-12-27
597,"Sản xuất và phân phối điện, khí đốt, nước nóng, hơi nước và điều hòa không khí",51079.28245388347,7.42079994608315,2018-12-27
598,"Cung cấp nước; hoạt động quản lý và xử lý rác thải, nước thải",6008.270432528598,7.526622491264973,2018-12-27
599,Xây dựng,87021.4,9.921644279780267,2018-12-27
600,Dịch vụ,440185.0832167376,6.53737925523518,2018-12-27
601,"Bán buôn và bán lẻ; sửa chữa ô tô, mô tô, xe máy và xe có động cơ khác",114902.11312687863,7.739026928939126,2018-12-27
602,"Vận tải, kho bãi",32351.335593014155,7.495054260305039,2018-12-27
603,Dịch vụ lưu trú và ăn uống,37876.830383345296,4.009815802043249,2018-12-27
604,Thông tin và truyền thông,12085.366427120025,7.304069134288312,2018-12-27
605,"Hoạt động tài chính, ngân hàng và bảo hiểm",79245.16579526107,8.10881654004585,2018-12-27
606,Hoạt động kinh doanh bất động sản,47451.49939436829,4.103603739452737,2018-12-27
607,"Hoạt động chuyên môn, khoa học và công nghệ",17630.199530032205,6.803096392849042,2018-12-27
608,Hoạt động hành chính và dịch vụ hỗ trợ,3814.316884462478,8.010235732515383,2018-12-27
609,"Hoạt động của Đảng Cộng sản, tổ chức chính trị- xã hội; quản lý Nhà nước, an ninh quốc phòng; đảm bảo xã hội bắt buộc",30698.240361089396,4.644789904300438,2018-12-27
610,Giáo dục và đào tạo,25848.150099462488,7.091881450623717,2018-12-27
611,Y tế và hoạt động trợ giúp xã hội,12387.566989763174,7.042311044773527,2018-12-27
612,"Nghệ thuật, vui chơi và giải trí",8642.625339393038,7.488152206916283,2018-12-27
613,Hoạt động dịch vụ khác,15706.890889789604,4.771848721251956,2018-12-27
614,"Hoạt động làm thuê các công việc trong các hộ gia đình, sản xuất sản phẩm vật chất và dịch vụ tự tiêu dùng của hộ gia đình",1544.7824027576776,7.066179797493888,2018-12-27
615,Thuế sản phẩm trừ trợ cấp sản phẩm,124056.52168519748,5.965727010799313,2018-12-27
616,TỔNG SỐ,892393.1,6.7330727974715785,2018-09-28
617,"Nông, lâm nghiệp và thủy sản",122448.4,3.5363956957895795,2018-09-28
618,Nông nghiệp,85497.2,2.694389529793483,2018-09-28
619,Lâm nghiệp,6639.5,5.817677132322217,2018-09-28
620,Thủy sản,30311.7,7.047634647012629,2018-09-28
621,Công nghiệp và xây dựng,312737.8,8.401160479138042,2018-09-28
622,Công nghiệp,255227.1,8.339573890446374,2018-09-28
623,Khai khoáng,44517.2,-3.057457179519588,2018-09-28
624,"Công nghiệp chế biến, chế tạo",168155.9,12.054662095464835,2018-09-28
625,"Sản xuất và phân phối điện, khí đốt, nước nóng, hơi nước và điều hòa không khí",37174.4,10.913026965554337,2018-09-28
626,"Cung cấp nước; hoạt động quản lý và xử lý rác thải, nước thải",5379.6,6.739392338702672,2018-09-28
627,Xây dựng,57510.7,8.71160279842924,2018-09-28
628,Dịch vụ,357167.7,7.107537273388559,2018-09-28
629,"Bán buôn và bán lẻ; sửa chữa ô tô, mô tô, xe máy và xe có động cơ khác",86768.6,8.957454981077447,2018-09-28
630,"Vận tải, kho bãi",26693.7,7.851369230708215,2018-09-28
631,Dịch vụ lưu trú và ăn uống,33667.2,7.050699549844381,2018-09-28
632,Thông tin và truyền thông,9689,6.736921873412086,2018-09-28
633,"Hoạt động tài chính, ngân hàng và bảo hiểm",62819.4,7.894839052490596,2018-09-28
634,Hoạt động kinh doanh bất động sản,43810.6,4.562446287632781,2018-09-28
635,"Hoạt động chuyên môn, khoa học và công nghệ",13195.7,6.763617362796452,2018-09-28
636,Hoạt động hành chính và dịch vụ hỗ trợ,3918.5,8.335617629477568,2018-09-28
637,"Hoạt động của Đảng Cộng sản, tổ chức chính trị- xã hội; quản lý Nhà nước, an ninh quốc phòng; đảm bảo xã hội bắt buộc",22427.6,6.038673669835148,2018-09-28
638,Giáo dục và đào tạo,21897.6,6.926337272381318,2018-09-28
639,Y tế và hoạt động trợ giúp xã hội,9975.6,7.204709714358131,2018-09-28
640,"Nghệ thuật, vui chơi và giải trí",6486.3,7.1536639075873865,2018-09-28
641,Hoạt động dịch vụ khác,14541.4,4.8615213991713375,2018-09-28
642,"Hoạt động làm thuê các công việc trong các hộ gia đình, sản xuất sản phẩm vật chất và dịch vụ tự tiêu dùng của hộ gia đình",1276.4,7.144468951128317,2018-09-28
643,Thuế sản phẩm trừ trợ cấp sản phẩm,100039.2,5.90860521773125,2018-09-28
644,"Nông, lâm nghiệp và thủy sản",223482.18859755434,3.9303569514277115,2018-06-29
645,Nông nghiệp,172285,3.280000000000001,2018-06-29
646,Lâm nghiệp,9021.739260234785,5.11999999999999,2018-06-29
647,Thủy sản,42174.819184894535,6.410000000000011,2018-06-29
648,Công nghiệp và xây dựng,513349.7553747524,9.068454546448095,2018-06-29
649,Công nghiệp,433796.88780389,9.279843841983165,2018-06-29
650,Khai khoáng,87659.74563336161,-1.2999999999999972,2018-06-29
651,"Công nghiệp chế biến, chế tạo",275736.8588742783,13.02000000000001,2018-06-29
652,"Sản xuất và phân phối điện, khí đốt, nước nóng, hơi nước và điều hòa không khí",61218.15452682906,10.200000000000003,2018-06-29
653,"Cung cấp nước; hoạt động quản lý và xử lý rác thải, nước thải",9182.128769420984,6.5,2018-06-29
654,Xây dựng,79552.8675708624,7.929999999999993,2018-06-29
655,Dịch vụ,558607.6201528066,6.901809129748912,2018-06-29
656,"Bán buôn và bán lẻ; sửa chữa ô tô, mô tô, xe máy và xe có động cơ khác",137597.67228619795,8.210000000000008,2018-06-29
657,"Vận tải, kho bãi",43219.40748295905,7.670000000000002,2018-06-29
658,Dịch vụ lưu trú và ăn uống,59882.32190459201,7.02000000000001,2018-06-29
659,Thông tin và truyền thông,16305.712339314776,7.090000000000003,2018-06-29
660,"Hoạt động tài chính, ngân hàng và bảo hiểm",60093.730845545804,7.5800000000000125,2018-06-29
661,Hoạt động kinh doanh bất động sản,77753.6402019111,4.122518409484698,2018-06-29
662,"Hoạt động chuyên môn, khoa học và công nghệ",17262.979238815922,6.780000000000001,2018-06-29
663,Hoạt động hành chính và dịch vụ hỗ trợ,5921.251415845799,7.959999999999994,2018-06-29
664,"Hoạt động của Đảng Cộng sản, tổ chức chính trị- xã hội; quản lý Nhà nước, an ninh quốc phòng; đảm bảo xã hội bắt buộc",42172.07582793193,6.339999999999989,2018-06-29
665,Giáo dục và đào tạo,40910.530476009866,6.960000000000008,2018-06-29
666,Y tế và hoạt động trợ giúp xã hội,18798.12490394194,7.040000000000006,2018-06-29
667,"Nghệ thuật, vui chơi và giải trí",10535.149195650658,6.9199999999999875,2018-06-29
668,Hoạt động dịch vụ khác,25927.40551861113,5.970000000000013,2018-06-29
669,"Hoạt động làm thuê các công việc trong các hộ gia đình, sản xuất sản phẩm vật chất và dịch vụ tự tiêu dùng của hộ gia đình",2227.618515478658,6.6200000000000045,2018-06-29
670,Thuế sản phẩm trừ trợ cấp sản phẩm,171519.96702252165,6.02000000000001,2018-06-29
671,TỔNG SỐ,637244.0688429426,7.37820803674569,2018-03-29
672,"Nông, lâm nghiệp và thủy sản",70243.86766188499,4.0506117691619465,2018-03-29
673,Nông nghiệp,50968,3.7630000000000052,2018-03-29
674,Lâm nghiệp,4208,5.030000000000001,2018-03-29
675,Thủy sản,15068,4.760000000000005,2018-03-29
676,Công nghiệp và xây dựng,227596,9.701721800991649,2018-03-29
677,Công nghiệp,195210.62805451118,10.082699397067586,2018-03-29
678,Khai khoáng,38814.463634119726,0.4000000000000057,2018-03-29
679,"Công nghiệp chế biến, chế tạo",122380.48212635762,13.556468557090966,2018-03-29
680,"Sản xuất và phân phối điện, khí đốt, nước nóng, hơi nước và điều hòa không khí",29917,10.5,2018-03-29
681,"Cung cấp nước; hoạt động quản lý và xử lý rác thải, nước thải",4099,7.11999999999999,2018-03-29
682,Xây dựng,32385.37618148218,7.459999999999994,2018-03-29
683,Dịch vụ,260157,6.698547221691115,2018-03-29
684,"Bán buôn và bán lẻ; sửa chữa ô tô, mô tô, xe máy và xe có động cơ khác",67747,7.450000000000003,2018-03-29
685,"Vận tải, kho bãi",20093,7.461999999999989,2018-03-29
686,Dịch vụ lưu trú và ăn uống,27209,7.6000000000000085,2018-03-29
687,Thông tin và truyền thông,7860,7.180000000000007,2018-03-29
688,"Hoạt động tài chính, ngân hàng và bảo hiểm",25756,7.719999999999999,2018-03-29
689,Hoạt động kinh doanh bất động sản,37301,3.5592916791396902,2018-03-29
690,"Hoạt động chuyên môn, khoa học và công nghệ",7775,6.800000000000011,2018-03-29
691,Hoạt động hành chính và dịch vụ hỗ trợ,3188,7.650000000000006,2018-03-29
692,"Hoạt động của Đảng Cộng sản, tổ chức chính trị- xã hội; quản lý Nhà nước, an ninh quốc phòng; đảm bảo xã hội bắt buộc",18700,6.6200000000000045,2018-03-29
693,Giáo dục và đào tạo,18702,7,2018-03-29
694,Y tế và hoạt động trợ giúp xã hội,8381,6.970000000000013,2018-03-29
695,"Nghệ thuật, vui chơi và giải trí",4822,7.079999999999998,2018-03-29
696,Hoạt động dịch vụ khác,11510,5.780000000000001,2018-03-29
697,"Hoạt động làm thuê các công việc trong các hộ gia đình, sản xuất sản phẩm vật chất và dịch vụ tự tiêu dùng của hộ gia đình",1113,6.099999999999994,2018-03-29
698,Thuế sản phẩm trừ trợ cấp sản phẩm,79247,6.150000000000006,2018-03-29
699,TỔNG SỐ,3262548,6.8122456596397996,2017-12-29
700,"Nông, lâm nghiệp và thủy sản",482417,2.9017966651948512,2017-12-29
701,Nông nghiệp,361809,2.0738705290894757,2017-12-29
702,Lâm nghiệp,21775,5.142443264123614,2017-12-29
703,Thủy sản,98833,5.540071546799069,2017-12-29
704,Công nghiệp và xây dựng,1141369,8.001548057925362,2017-12-29
705,Công nghiệp,935741,7.849241273434316,2017-12-29
706,Khai khoáng,214453,-7.100063679643739,2017-12-29
707,"Công nghiệp chế biến, chế tạo",566604,14.400050072382854,2017-12-29
708,"Sản xuất và phân phối điện, khí đốt, nước nóng, hơi nước và điều hòa không khí",135351,9.40018266906992,2017-12-29
709,"Cung cấp nước; hoạt động quản lý và xử lý rác thải, nước thải",19333,8.66730369287842,2017-12-29
710,Xây dựng,205628,8.700111011259708,2017-12-29
711,Dịch vụ,1265820,7.441965873412656,2017-12-29
712,"Bán buôn và bán lẻ; sửa chữa ô tô, mô tô, xe máy và xe có động cơ khác",312280,8.360196677851533,2017-12-29
713,"Vận tải, kho bãi",94899,7.909668762721296,2017-12-29
714,Dịch vụ lưu trú và ăn uống,123041,8.980354643850433,2017-12-29
715,Thông tin và truyền thông,35383,7.361106896865621,2017-12-29
716,"Hoạt động tài chính, ngân hàng và bảo hiểm",187123,8.139830557449798,2017-12-29
717,Hoạt động kinh doanh bất động sản,162097,4.073783964250865,2017-12-29
718,"Hoạt động chuyên môn, khoa học và công nghệ",44995,7.199866580897236,2017-12-29
719,Hoạt động hành chính và dịch vụ hỗ trợ,12631,6.915523954630103,2017-12-29
720,"Hoạt động của Đảng Cộng sản, tổ chức chính trị- xã hội; quản lý Nhà nước, an ninh quốc phòng; đảm bảo xã hội bắt buộc",90072,7.320560480411785,2017-12-29
721,Giáo dục và đào tạo,82794,7.399047878481269,2017-12-29
722,Y tế và hoạt động trợ giúp xã hội,38439,7.428523518068246,2017-12-29
723,"Nghệ thuật, vui chơi và giải trí",23968,7.388323849634844,2017-12-29
724,Hoạt động dịch vụ khác,53372,6.622318110991259,2017-12-29
725,"Hoạt động làm thuê các công việc trong các hộ gia đình, sản xuất sản phẩm vật chất và dịch vụ tự tiêu dùng của hộ gia đình",4725,7.3799999999999955,2017-12-29
726,Thuế sản phẩm trừ trợ cấp sản phẩm,372942,6.340353458452384,2017-12-29
727,TỔNG SỐ,2204934.5563387326,6.414697282886507,2017-09-29
728,"Nông, lâm nghiệp và thủy sản",333053.07667199784,2.784073964906568,2017-09-29
729,Nông nghiệp,250172.58375725112,1.963000000000008,2017-09-29
730,Lâm nghiệp,14818.280575422046,5,2017-09-29
731,Thủy sản,68062.21233932472,5.420000000000002,2017-09-29
732,Công nghiệp và xây dựng,758614.144343632,7.169546690322122,2017-09-29
733,Công nghiệp,632241.7317002028,6.946415888489923,2017-09-29
734,Khai khoáng,134833.18406261396,-8.079999999999998,2017-09-29
735,"Công nghiệp chế biến, chế tạo",394036,12.769999999999996,2017-09-29
736,"Sản xuất và phân phối điện, khí đốt, nước nóng, hơi nước và điều hòa không khí",89692.38667264134,8.870000000000005,2017-09-29
737,"Cung cấp nước; hoạt động quản lý và xử lý rác thải, nước thải",13680.727993081744,7.800000000000011,2017-09-29
738,Xây dựng,126372.41264342928,8.299999999999997,2017-09-29
739,Dịch vụ,857080,7.249762867415939,2017-09-29
740,"Bán buôn và bán lẻ; sửa chữa ô tô, mô tô, xe máy và xe có động cơ khác",207141.36057212966,8.163999999999987,2017-09-29
741,"Vận tải, kho bãi",65005.178226693475,7.810000000000002,2017-09-29
742,Dịch vụ lưu trú và ăn uống,88314.23605607866,9.000000000000014,2017-09-29
743,Thông tin và truyền thông,24160.938152854847,7.139999999999986,2017-09-29
744,"Hoạt động tài chính, ngân hàng và bảo hiểm",114091.01492757743,7.890000000000001,2017-09-29
745,Hoạt động kinh doanh bất động sản,116848.6892198056,3.991163744360321,2017-09-29
746,"Hoạt động chuyên môn, khoa học và công nghệ",28511.38375342892,6.939999999999998,2017-09-29
747,Hoạt động hành chính và dịch vụ hỗ trợ,9112.611816745244,6.72999999999999,2017-09-29
748,"Hoạt động của Đảng Cộng sản, tổ chức chính trị- xã hội; quản lý Nhà nước, an ninh quốc phòng; đảm bảo xã hội bắt buộc",60834.030442620635,7.160000000000011,2017-09-29
749,Giáo dục và đào tạo,58677.22659657355,7.240000000000009,2017-09-29
750,Y tế và hoạt động trợ giúp xã hội,26893.617235458692,7.410000000000011,2017-09-29
751,"Nghệ thuật, vui chơi và giải trí",15899.536880109632,7.219999999999999,2017-09-29
752,Hoạt động dịch vụ khác,38309.25464748658,6.299999999999997,2017-09-29
753,"Hoạt động làm thuê các công việc trong các hộ gia đình, sản xuất sản phẩm vật chất và dịch vụ tự tiêu dùng của hộ gia đình",3280.3398692747874,7,2017-09-29
754,Thuế sản phẩm trừ trợ cấp sản phẩm,256187.91692626505,6.309999999999988,2017-09-29
755,TỔNG SỐ,1368665,5.728469735422493,2017-06-29
756,"Nông, lâm nghiệp và thủy sản",214835,2.6537209177328123,2017-06-29
757,Nông nghiệp,166618,2.010000000000005,2017-06-29
758,Lâm nghiệp,8583,4.309999999999988,2017-06-29
759,Thủy sản,39634,5.079999999999998,2017-06-29
760,Công nghiệp và xây dựng,470314,5.813456961688686,2017-06-29
761,Công nghiệp,396606,5.3287659701097425,2017-06-29
762,Khai khoáng,88429,-8.200000000000003,2017-06-29
763,"Công nghiệp chế biến, chế tạo",243971,10.519999999999996,2017-06-29
764,"Sản xuất và phân phối điện, khí đốt, nước nóng, hơi nước và điều hòa không khí",55552,8,2017-06-29
765,"Cung cấp nước; hoạt động quản lý và xử lý rác thải, nước thải",8654,7.799999999999983,2017-06-29
766,Xây dựng,73708,8.5,2017-06-29
767,Dịch vụ,522330,6.849348762237312,2017-06-29
768,"Bán buôn và bán lẻ; sửa chữa ô tô, mô tô, xe máy và xe có động cơ khác",126767,7.099999999999994,2017-06-29
769,"Vận tải, kho bãi",40174,7.800000000000011,2017-06-29
770,Dịch vụ lưu trú và ăn uống,56099,8.899999999999991,2017-06-29
771,Thông tin và truyền thông,15226,6.990000000000009,2017-06-29
772,"Hoạt động tài chính, ngân hàng và bảo hiểm",55860,7.659999999999997,2017-06-29
773,Hoạt động kinh doanh bất động sản,74675,3.858557558209057,2017-06-29
774,"Hoạt động chuyên môn, khoa học và công nghệ",16167,6.800000000000011,2017-06-29
775,Hoạt động hành chính và dịch vụ hỗ trợ,5485,6.5,2017-06-29
776,"Hoạt động của Đảng Cộng sản, tổ chức chính trị- xã hội; quản lý Nhà nước, an ninh quốc phòng; đảm bảo xã hội bắt buộc",39658,6.8999999999999915,2017-06-29
777,Giáo dục và đào tạo,38248,7.180000000000007,2017-06-29
778,Y tế và hoạt động trợ giúp xã hội,17562,7.269999999999996,2017-06-29
779,"Nghệ thuật, vui chơi và giải trí",9853,7.079999999999998,2017-06-29
780,Hoạt động dịch vụ khác,24467,6,2017-06-29
781,"Hoạt động làm thuê các công việc trong các hộ gia đình, sản xuất sản phẩm vật chất và dịch vụ tự tiêu dùng của hộ gia đình",2089,6.700000000000017,2017-06-29
782,Thuế sản phẩm trừ trợ cấp sản phẩm,161186,6.108790459441522,2017-06-29
783,TỔNG SỐ,593169.999973651,5.1027657025271935,2017-03-29
784,"Nông, lâm nghiệp và thủy sản",67473.2840390272,2.029911315855216,2017-03-29
785,Nông nghiệp,49119.33075611077,1.3800000000000097,2017-03-29
786,Lâm nghiệp,4006.113980504402,4.940000000000012,2017-03-29
787,Thủy sản,14347.839302412025,3.499999999999986,2017-03-29
788,Công nghiệp và xây dựng,206846.57737080372,4.166218010042357,2017-03-29
789,Công nghiệp,177129.55970593335,3.8486715672938487,2017-03-29
790,Khai khoáng,38659.82433677263,-10,2017-03-29
791,"Công nghiệp chế biến, chế tạo",107472.88643871219,8.299999999999997,2017-03-29
792,"Sản xuất và phân phối điện, khí đốt, nước nóng, hơi nước và điều hòa không khí",27123.53058694437,9.5,2017-03-29
793,"Cung cấp nước; hoạt động quản lý và xử lý rác thải, nước thải",3873.3183435041697,7.5,2017-03-29
794,Xây dựng,29717.017664870364,6.099999999999994,2017-03-29
795,Dịch vụ,244194.28676839708,6.524839913717244,2017-03-29
796,"Bán buôn và bán lẻ; sửa chữa ô tô, mô tô, xe máy và xe có động cơ khác",63439.82296124944,7.38000000000001,2017-03-29
797,"Vận tải, kho bãi",18575.80063068344,6.749999999999986,2017-03-29
798,Dịch vụ lưu trú và ăn uống,25286.715252099108,6.030000000000001,2017-03-29
799,Thông tin và truyền thông,7347.145644912073,7.699999999999989,2017-03-29
800,"Hoạt động tài chính, ngân hàng và bảo hiểm",23910.43425474662,7.759999999999991,2017-03-29
801,Hoạt động kinh doanh bất động sản,36079.05439388724,3.716102545012461,2017-03-29
802,"Hoạt động chuyên môn, khoa học và công nghệ",7279.733315655772,6.77000000000001,2017-03-29
803,Hoạt động hành chính và dịch vụ hỗ trợ,2989.476457625237,7.230000000000004,2017-03-29
804,"Hoạt động của Đảng Cộng sản, tổ chức chính trị- xã hội; quản lý Nhà nước, an ninh quốc phòng; đảm bảo xã hội bắt buộc",17539.21825287482,6.829999999999998,2017-03-29
805,Giáo dục và đào tạo,17478.945313967914,7.1299999999999955,2017-03-29
806,Y tế và hoạt động trợ giúp xã hội,7834.735521024345,7.219999999999999,2017-03-29
807,"Nghệ thuật, vui chơi và giải trí",4502.891820499632,7.040000000000006,2017-03-29
808,Hoạt động dịch vụ khác,10881.18999472476,5.929999999999993,2017-03-29
809,"Hoạt động làm thuê các công việc trong các hộ gia đình, sản xuất sản phẩm vật chất và dịch vụ tự tiêu dùng của hộ gia đình",1049.1229544466705,6.509999999999991,2017-03-29
810,Thuế sản phẩm trừ trợ cấp sản phẩm,74655.85179542305,6,2017-03-29
811,TỔNG SỐ,3054470.2190900473,6.210812202601161,2016-12-29
812,"Nông, lâm nghiệp và thủy sản",468813.2427440541,1.3570904241772155,2016-12-29
813,Nông nghiệp,354457.93925627484,0.7200000000000131,2016-12-29
814,Lâm nghiệp,20710.419849604237,6.109999999999999,2016-12-29
815,Thủy sản,93644.88363817504,2.799999999999997,2016-12-29
816,Công nghiệp và xây dựng,1056808.13472288,7.572882564192014,2016-12-29
817,Công nghiệp,867637.5486585032,7.057853300187489,2016-12-29
818,Khai khoáng,230843.0555632656,-4.000000000000014,2016-12-29
819,"Công nghiệp chế biến, chế tạo",495283.19017815584,11.900000000000006,2016-12-29
820,"Sản xuất và phân phối điện, khí đốt, nước nóng, hơi nước và điều hòa không khí",123720.77640260667,11.600000000000009,2016-12-29
821,"Cung cấp nước; hoạt động quản lý và xử lý rác thải, nước thải",17790.526514475147,7.800000000000011,2016-12-29
822,Xây dựng,189170,10.000000000000014,2016-12-29
823,Dịch vụ,1178142.7042231131,6.98370044687131,2016-12-29
824,"Bán buôn và bán lẻ; sửa chữa ô tô, mô tô, xe máy và xe có động cơ khác",288187.24598719995,8.280000000000001,2016-12-29
825,"Vận tải, kho bãi",87943.02220335117,6.299999999999997,2016-12-29
826,Dịch vụ lưu trú và ăn uống,112902.26478245396,6.699999999999989,2016-12-29
827,Thông tin và truyền thông,32957.0985127869,8.200000000000003,2016-12-29
828,"Hoạt động tài chính, ngân hàng và bảo hiểm",173038.14061759456,7.790000000000006,2016-12-29
829,Hoạt động kinh doanh bất động sản,155751.85200823413,3.9950256704909037,2016-12-29
830,"Hoạt động chuyên môn, khoa học và công nghệ",41973.252223020616,7,2016-12-29
831,Hoạt động hành chính và dịch vụ hỗ trợ,11813.884668195891,6.8999999999999915,2016-12-29
832,"Hoạt động của Đảng Cộng sản, tổ chức chính trị- xã hội; quản lý Nhà nước, an ninh quốc phòng; đảm bảo xã hội bắt buộc",83928.34486366228,7.109999999999999,2016-12-29
833,Giáo dục và đào tạo,77089.76654746622,7.240000000000009,2016-12-29
834,Y tế và hoạt động trợ giúp xã hội,35780.363914940885,7.38000000000001,2016-12-29
835,"Nghệ thuật, vui chơi và giải trí",22318.978046562577,7.3700000000000045,2016-12-29
836,Hoạt động dịch vụ khác,50058.335946739404,6.400000000000006,2016-12-29
837,"Hoạt động làm thuê các công việc trong các hộ gia đình, sản xuất sản phẩm vật chất và dịch vụ tự tiêu dùng của hộ gia đình",4400.153900904487,7.200000000000003,2016-12-29
838,Thuế sản phẩm trừ trợ cấp sản phẩm,350706.1374,6.38000000000001,2016-12-29
839,TỔNG SỐ,2070879.5299978391,5.930030839223875,2016-09-29
840,"Nông, lâm nghiệp và thủy sản",324118,0.6502056871369604,2016-09-29
841,Nông nghiệp,245429.83290509766,0.04999999999999716,2016-09-29
842,Lâm nghiệp,14124.61931065991,6.190000000000012,2016-09-29
843,Thủy sản,64562.90299689311,1.8100000000000023,2016-09-29
844,Công nghiệp và xây dựng,706723.919817148,7.503565734905692,2016-09-29
845,Công nghiệp,590036.5581888661,7.1933676554610315,2016-09-29
846,Khai khoáng,145075.0879723942,-3.6000000000000085,2016-09-29
847,"Công nghiệp chế biến, chế tạo",349477.9663510286,11.220000000000013,2016-09-29
848,"Sản xuất và phân phối điện, khí đốt, nước nóng, hơi nước và điều hòa không khí",82828.17698817237,12.099999999999994,2016-09-29
849,"Cung cấp nước; hoạt động quản lý và xử lý rác thải, nước thải",12656,6.8999999999999915,2016-09-29
850,Xây dựng,116687.3616282819,9.099999999999994,2016-09-29
851,Dịch vụ,799056.2994358562,6.661635290488704,2016-09-29
852,"Bán buôn và bán lẻ; sửa chữa ô tô, mô tô, xe máy và xe có động cơ khác",191506.74953970793,8.150300000000016,2016-09-29
853,"Vận tải, kho bãi",60296.056234758806,5.810000000000002,2016-09-29
854,Dịch vụ lưu trú và ăn uống,80876.86924212797,5.709999999999994,2016-09-29
855,Thông tin và truyền thông,22609.059623097764,8.679999999999993,2016-09-29
856,"Hoạt động tài chính, ngân hàng và bảo hiểm",105747.53445877972,7.38000000000001,2016-09-29
857,Hoạt động kinh doanh bất động sản,112364.05576444237,3.6572753437074113,2016-09-29
858,"Hoạt động chuyên môn, khoa học và công nghệ",26661.103191910344,6.8999999999999915,2016-09-29
859,Hoạt động hành chính và dịch vụ hỗ trợ,8538.004138241586,6.800000000000011,2016-09-29
860,"Hoạt động của Đảng Cộng sản, tổ chức chính trị- xã hội; quản lý Nhà nước, an ninh quốc phòng; đảm bảo xã hội bắt buộc",56769.34531786173,7.099999999999994,2016-09-29
861,Giáo dục và đào tạo,54715.80249587239,7.200000000000003,2016-09-29
862,Y tế và hoạt động trợ giúp xã hội,25038.2806400323,7.38000000000001,2016-09-29
863,"Nghệ thuật, vui chơi và giải trí",14828.890953282626,7.200000000000003,2016-09-29
864,Hoạt động dịch vụ khác,36038.80964015671,6.299999999999997,2016-09-29
865,"Hoạt động làm thuê các công việc trong các hộ gia đình, sản xuất sản phẩm vật chất và dịch vụ tự tiêu dùng của hộ gia đình",3065.7381955839132,7,2016-09-29
866,Thuế sản phẩm trừ trợ cấp sản phẩm,240981.95553218425,6.450000000000003,2016-09-29
867,TỔNG SỐ,1292968,5.521540231892558,2016-06-29
868,"Nông, lâm nghiệp và thủy sản",209281,-0.17696136855518318,2016-06-29
869,Nông nghiệp,163335,-0.7800000000000011,2016-06-29
870,Lâm nghiệp,8228,5.750000000000014,2016-06-29
871,Thủy sản,37718,1.25,2016-06-29
872,Công nghiệp và xây dựng,443489,7.118913317618606,2016-06-29
873,Công nghiệp,375867,6.821965098162124,2016-06-29
874,Khai khoáng,96377,-2.1999999999999886,2016-06-29
875,"Công nghiệp chế biến, chế tạo",219950,10.099999999999994,2016-06-29
876,"Sản xuất và phân phối điện, khí đốt, nước nóng, hơi nước và điều hòa không khí",51437,11.700000000000003,2016-06-29
877,"Cung cấp nước; hoạt động quản lý và xử lý rác thải, nước thải",8103,8.099999999999994,2016-06-29
878,Xây dựng,67622,8.800000000000011,2016-06-29
879,Dịch vụ,488307,6.348941839977627,2016-06-29
880,"Bán buôn và bán lẻ; sửa chữa ô tô, mô tô, xe máy và xe có động cơ khác",118364,8.099999999999994,2016-06-29
881,"Vận tải, kho bãi",37129,5.11999999999999,2016-06-29
882,Dịch vụ lưu trú và ăn uống,51514,5.650000000000006,2016-06-29
883,Thông tin và truyền thông,14231,8.759999999999991,2016-06-29
884,"Hoạt động tài chính, ngân hàng và bảo hiểm",51482,6.099999999999994,2016-06-29
885,Hoạt động kinh doanh bất động sản,71901,3.3347964350920307,2016-06-29
886,"Hoạt động chuyên môn, khoa học và công nghệ",15138,6.820000000000007,2016-06-29
887,Hoạt động hành chính và dịch vụ hỗ trợ,5150,6.670000000000002,2016-06-29
888,"Hoạt động của Đảng Cộng sản, tổ chức chính trị- xã hội; quản lý Nhà nước, an ninh quốc phòng; đảm bảo xã hội bắt buộc",37098,7,2016-06-29
889,Giáo dục và đào tạo,35686,7.1499999999999915,2016-06-29
890,Y tế và hoạt động trợ giúp xã hội,16372,7.299999999999997,2016-06-29
891,"Nghệ thuật, vui chơi và giải trí",9206,7.200000000000003,2016-06-29
892,Hoạt động dịch vụ khác,23082,6.180000000000007,2016-06-29
893,"Hoạt động làm thuê các công việc trong các hộ gia đình, sản xuất sản phẩm vật chất và dịch vụ tự tiêu dùng của hộ gia đình",1954,6.5600000000000165,2016-06-29
894,Thuế sản phẩm trừ trợ cấp sản phẩm,151891,6.598527355361483,2016-06-29
895,TỔNG SỐ,564254.977792432,5.4594069076467235,2016-03-29
896,"Nông, lâm nghiệp và thủy sản",66186.44035266325,-1.231456821005466,2016-03-29
897,Nông nghiệp,48450.71094506882,-2.6899999999999977,2016-03-29
898,Lâm nghiệp,3843.082738597308,6.239999999999995,2016-03-29
899,Thủy sản,13892.646668997128,2.1200000000000045,2016-03-29
900,Công nghiệp và xây dựng,197758.74802034794,6.716641062797947,2016-03-29
901,Công nghiệp,169404.65590741503,6.195506973813437,2016-03-29
902,Khai khoáng,42524.94594158468,-1.2000000000000028,2016-03-29
903,"Công nghiệp chế biến, chế tạo",98286.27556667793,7.8999999999999915,2016-03-29
904,"Sản xuất và phân phối điện, khí đốt, nước nóng, hơi nước và điều hòa không khí",24970.347567985726,13.099999999999994,2016-03-29
905,"Cung cấp nước; hoạt động quản lý và xử lý rác thải, nước thải",3623.0868311666695,9.400000000000006,2016-03-29
906,Xây dựng,28354.092112932896,9.939999999999998,2016-03-29
907,Dịch vụ,229578.21011727065,6.134189299313249,2016-03-29
908,"Bán buôn và bán lẻ; sửa chữa ô tô, mô tô, xe máy và xe có động cơ khác",59079.7382764476,7.519999999999996,2016-03-29
909,"Vận tải, kho bãi",17521.218389399008,5.560000000000002,2016-03-29
910,Dịch vụ lưu trú và ăn uống,23848.642131565695,4.750000000000014,2016-03-29
911,Thông tin và truyền thông,6821.8622515432435,8.210000000000008,2016-03-29
912,"Hoạt động tài chính, ngân hàng và bảo hiểm",22188.598974337994,5.990000000000009,2016-03-29
913,Hoạt động kinh doanh bất động sản,34891.34896254726,3.4271835081882216,2016-03-29
914,"Hoạt động chuyên môn, khoa học và công nghệ",6818.144905550033,6.650000000000006,2016-03-29
915,Hoạt động hành chính và dịch vụ hỗ trợ,2787.9105265552894,6.820000000000007,2016-03-29
916,"Hoạt động của Đảng Cộng sản, tổ chức chính trị- xã hội; quản lý Nhà nước, an ninh quốc phòng; đảm bảo xã hội bắt buộc",16448.63672651979,6.949999999999989,2016-03-29
917,Giáo dục và đào tạo,16372.05873866876,7.3700000000000045,2016-03-29
918,Y tế và hoạt động trợ giúp xã hội,7320.1218787022535,7.289999999999992,2016-03-29
919,"Nghệ thuật, vui chơi và giải trí",4222.8718538361945,7.309999999999988,2016-03-29
920,Hoạt động dịch vụ khác,10272.057013806061,5.821000000000012,2016-03-29
921,"Hoạt động làm thuê các công việc trong các hộ gia đình, sản xuất sản phẩm vật chất và dịch vụ tự tiêu dùng của hộ gia đình",984.9994877914473,6.349999999999994,2016-03-29
922,Thuế sản phẩm trừ trợ cấp sản phẩm,70731.57930215013,6.504758557857571,2016-03-29
923,TỔNG SỐ,2875856.1918004444,6.679308130442124,2015-12-29
924,"Nông, lâm nghiệp và thủy sản",462536.2081548325,2.4081935357990574,2015-12-29
925,Nông nghiệp,351924.08583823947,2.030000000000001,2015-12-29
926,Lâm nghiệp,19517.87753237606,7.689999999999998,2015-12-29
927,Thủy sản,91094.24478421696,2.799999999999997,2015-12-29
928,Công nghiệp và xây dựng,982411.2820368558,9.638952480016428,2015-12-29
929,Công nghiệp,810438.0219783314,9.391567011207442,2015-12-29
930,Khai khoáng,240461.51621173503,6.5,2015-12-29
931,"Công nghiệp chế biến, chế tạo",442612.3236623377,10.600000000000009,2015-12-29
932,"Sản xuất và phân phối điện, khí đốt, nước nóng, hơi nước và điều hòa không khí",110860.91075502388,11.400000000000006,2015-12-29
933,"Cung cấp nước; hoạt động quản lý và xử lý rác thải, nước thải",16503.27134923483,7.400000000000006,2015-12-29
934,Xây dựng,171973.26005852438,10.820000000000007,2015-12-29
935,Dịch vụ,1101235.701608756,6.325026579013752,2015-12-29
936,"Bán buôn và bán lẻ; sửa chữa ô tô, mô tô, xe máy và xe có động cơ khác",266150.024,9.059999999999974,2015-12-29
937,"Vận tải, kho bãi",82730.97102855238,5.019999999999996,2015-12-29
938,Dịch vụ lưu trú và ăn uống,105812.80673144701,2.289999999999992,2015-12-29
939,Thông tin và truyền thông,30459.425612557203,8.519999999999996,2015-12-29
940,"Hoạt động tài chính, ngân hàng và bảo hiểm",160532.64738620888,7.38000000000001,2015-12-29
941,Hoạt động kinh doanh bất động sản,149768.5596056634,2.9627833808543897,2015-12-29
942,"Hoạt động chuyên môn, khoa học và công nghệ",39227.33852618749,6.800000000000011,2015-12-29
943,Hoạt động hành chính và dịch vụ hỗ trợ,11051.342065665007,5.6000000000000085,2015-12-29
944,"Hoạt động của Đảng Cộng sản, tổ chức chính trị- xã hội; quản lý Nhà nước, an ninh quốc phòng; đảm bảo xã hội bắt buộc",78357.15139918054,6.9199999999999875,2015-12-29
945,Giáo dục và đào tạo,71885.27279696589,7.010000000000005,2015-12-29
946,Y tế và hoạt động trợ giúp xã hội,33321.25527560149,7,2015-12-29
947,"Nghệ thuật, vui chơi và giải trí",20786.97778388989,7.349999999999994,2015-12-29
948,Hoạt động dịch vụ khác,47047.308220619736,5.909999999999997,2015-12-29
949,"Hoạt động làm thuê các công việc trong các hộ gia đình, sản xuất sản phẩm vật chất và dịch vụ tự tiêu dùng của hộ gia đình",4104.621176216872,6.47999999999999,2015-12-29
950,Thuế sản phẩm trừ trợ cấp sản phẩm,329673,5.539824071089967,2015-12-29
951,TỔNG SỐ,1954503.2511359153,6.500672345266565,2015-09-29
952,"Nông, lâm nghiệp và thủy sản",321996.9728824894,2.0760799768591482,2015-09-29
953,Nông nghiệp,245283.07760790255,1.7700000000000102,2015-09-29
954,Lâm nghiệp,13298.80540434508,7.890000000000001,2015-09-29
955,Thủy sản,63415.08987024174,2.109999999999985,2015-09-29
956,Công nghiệp và xây dựng,656500.7942565988,9.572970026701654,2015-09-29
957,Công nghiệp,549546.2923058363,9.685184315866735,2015-09-29
958,Khai khoáng,149597.82984688194,8.149999999999991,2015-09-29
959,"Công nghiệp chế biến, chế tạo",314222.2319286356,10.149999999999991,2015-09-29
960,"Sản xuất và phân phối điện, khí đốt, nước nóng, hơi nước và điều hòa không khí",73887.75824101015,11.299999999999997,2015-09-29
961,"Cung cấp nước; hoạt động quản lý và xử lý rác thải, nước thải",11838.472289308684,7.200000000000003,2015-09-29
962,Xây dựng,106954.50195076251,9.000000000000014,2015-09-29
963,Dịch vụ,749667.9730452663,6.174444645160975,2015-09-29
964,"Bán buôn và bán lẻ; sửa chữa ô tô, mô tô, xe máy và xe có động cơ khác",176774.6355208519,8.400000000000006,2015-09-29
965,"Vận tải, kho bãi",56985.21522990152,5.25,2015-09-29
966,Dịch vụ lưu trú và ăn uống,77308.24826613185,3.8299999999999983,2015-09-29
967,Thông tin và truyền thông,20803.330532846674,8.450000000000003,2015-09-29
968,"Hoạt động tài chính, ngân hàng và bảo hiểm",98479.73035833461,6.699999999999989,2015-09-29
969,Hoạt động kinh doanh bất động sản,108399.58448827153,2.9015716538482508,2015-09-29
970,"Hoạt động chuyên môn, khoa học và công nghệ",24940.227494771138,6.699999999999989,2015-09-29
971,Hoạt động hành chính và dịch vụ hỗ trợ,8039.679868319071,6.5,2015-09-29
972,"Hoạt động của Đảng Cộng sản, tổ chức chính trị- xã hội; quản lý Nhà nước, an ninh quốc phòng; đảm bảo xã hội bắt buộc",53005.92466653756,6.849999999999994,2015-09-29
973,Giáo dục và đào tạo,51017.020807844936,7,2015-09-29
974,Y tế và hoạt động trợ giúp xã hội,23315.27465564641,7.049999999999997,2015-09-29
975,"Nghệ thuật, vui chơi và giải trí",13832.920665375583,7.400000000000006,2015-09-29
976,Hoạt động dịch vụ khác,33901.00460671033,5.8999999999999915,2015-09-29
977,"Hoạt động làm thuê các công việc trong các hộ gia đình, sản xuất sản phẩm vật chất và dịch vụ tự tiêu dùng của hộ gia đình",2865.1758837232833,6.400000000000006,2015-09-29
978,Thuế sản phẩm trừ trợ cấp sản phẩm,226337,5.5,2015-09-29
979,TỔNG SỐ,1224878.2196263408,6.280415359654896,2015-06-29
980,"Nông, lâm nghiệp và thủy sản",209943.2857661796,2.362743408255824,2015-06-29
981,Nông nghiệp,164910.4224987928,1.8999999999999915,2015-06-29
982,Lâm nghiệp,7780.340386744293,8.069999999999993,2015-06-29
983,Thủy sản,37252.52288064251,3.299999999999997,2015-06-29
984,Công nghiệp và xây dựng,412990.1977655071,9.08519528566545,2015-06-29
985,Công nghiệp,351448.9084148095,9.532342039756998,2015-06-29
986,Khai khoáng,98272.64990778618,8.180000000000007,2015-06-29
987,"Công nghiệp chế biến, chế tạo",199681.9987736386,9.949999999999989,2015-06-29
988,"Sản xuất và phân phối điện, khí đốt, nước nóng, hơi nước và điều hòa không khí",46049.159754893924,11.200000000000017,2015-06-29
989,"Cung cấp nước; hoạt động quản lý và xử lý rác thải, nước thải",7445.0999784907835,6.38000000000001,2015-06-29
990,Xây dựng,61541.28935069758,6.6000000000000085,2015-06-29
991,Dịch vụ,459320.91236834513,5.896613586652762,2015-06-29
992,"Bán buôn và bán lẻ; sửa chữa ô tô, mô tô, xe máy và xe có động cơ khác",109697.0153760845,8.350099999999998,2015-06-29
993,"Vận tải, kho bãi",35219.34073565827,4.5,2015-06-29
994,Dịch vụ lưu trú và ăn uống,48758.954526629444,2.8999999999999915,2015-06-29
995,Thông tin và truyền thông,13133.427606068746,8.800000000000011,2015-06-29
996,"Hoạt động tài chính, ngân hàng và bảo hiểm",48522.55771129793,5.849999999999994,2015-06-29
997,Hoạt động kinh doanh bất động sản,69580.68633087786,2.717902240752011,2015-06-29
998,"Hoạt động chuyên môn, khoa học và công nghệ",14171.049184861666,6.8999999999999915,2015-06-29
999,Hoạt động hành chính và dịch vụ hỗ trợ,4827.905078401288,6.5859999999999985,2015-06-29
1000,"Hoạt động của Đảng Cộng sản, tổ chức chính trị- xã hội; quản lý Nhà nước, an ninh quốc phòng; đảm bảo xã hội bắt buộc",34671.03767041913,7,2015-06-29
1001,Giáo dục và đào tạo,33304.87351050094,7.1499999999999915,2015-06-29
1002,Y tế và hoạt động trợ giúp xã hội,15257.74765582164,7.200000000000003,2015-06-29
1003,"Nghệ thuật, vui chơi và giải trí",8603.792832856983,7.5,2015-06-29
1004,Hoạt động dịch vụ khác,21738.39819561732,5.890000000000001,2015-06-29
1005,"Hoạt động làm thuê các công việc trong các hộ gia đình, sản xuất sản phẩm vật chất và dịch vụ tự tiêu dùng của hộ gia đình",1834.1259532494553,6.299999999999997,2015-06-29
1006,Thuế sản phẩm trừ trợ cấp sản phẩm,142623.82372630903,5.6000000000000085,2015-06-29
1007,TỔNG SỐ,534573.2777461594,6.028019764031868,2015-03-29
1008,"Nông, lâm nghiệp và thủy sản",66939.60845443548,2.139374420445023,2015-03-29
1009,Nông nghiệp,49769.472445584506,1.5400000000000063,2015-03-29
1010,Lâm nghiệp,3565.8991610277117,6.02000000000001,2015-03-29
1011,Thủy sản,13604.236847823273,3.3800000000000097,2015-03-29
1012,Công nghiệp và xây dựng,184643.97165256346,8.352194644937924,2015-03-29
1013,Công nghiệp,159146.5307568563,9.013370540616535,2015-03-29
1014,Khai khoáng,42896.712085915395,6.699999999999989,2015-03-29
1015,"Công nghiệp chế biến, chế tạo",90932.38563093464,9.509999999999991,2015-03-29
1016,"Sản xuất và phân phối điện, khí đốt, nước nóng, hơi nước và điều hòa không khí",21999.474793641217,11.900000000000006,2015-03-29
1017,"Cung cấp nước; hoạt động quản lý và xử lý rác thải, nước thải",3317.958246365012,7.400000000000006,2015-03-29
1018,Xây dựng,25497.440895707183,4.400000000000006,2015-03-29
1019,Dịch vụ,216604.10804864374,5.821313769355967,2015-03-29
1020,"Bán buôn và bán lẻ; sửa chữa ô tô, mô tô, xe máy và xe có động cơ khác",54692.36392168947,7.109999999999999,2015-03-29
1021,"Vận tải, kho bãi",16598.35012258337,4.099999999999994,2015-03-29
1022,Dịch vụ lưu trú và ăn uống,23316.53685315999,5.8999999999999915,2015-03-29
1023,Thông tin và truyền thông,6304.280798025361,8.099999999999994,2015-03-29
1024,"Hoạt động tài chính, ngân hàng và bảo hiểm",20934.615505555234,5.650000000000006,2015-03-29
1025,Hoạt động kinh doanh bất động sản,33735.18235637244,2.5519823079127093,2015-03-29
1026,"Hoạt động chuyên môn, khoa học và công nghệ",6393.009756727645,6.749999999999986,2015-03-29
1027,Hoạt động hành chính và dịch vụ hỗ trợ,2609.91436674339,6.699999999999989,2015-03-29
1028,"Hoạt động của Đảng Cộng sản, tổ chức chính trị- xã hội; quản lý Nhà nước, an ninh quốc phòng; đảm bảo xã hội bắt buộc",15379.744484824492,7.030000000000001,2015-03-29
1029,Giáo dục và đào tạo,15248.261840987947,7.25,2015-03-29
1030,Y tế và hoạt động trợ giúp xã hội,6822.743851898829,7.1499999999999915,2015-03-29
1031,"Nghệ thuật, vui chơi và giải trí",3935.2081388837896,7.02000000000001,2015-03-29
1032,Hoạt động dịch vụ khác,9707.011853796563,5.699999999999989,2015-03-29
1033,"Hoạt động làm thuê các công việc trong các hộ gia đình, sản xuất sản phẩm vật chất và dịch vụ tự tiêu dùng của hộ gia đình",926.8841973952709,6.299999999999997,2015-03-29
1034,Thuế sản phẩm trừ trợ cấp sản phẩm,66385,4.4715859641846265,2015-03-29
1035,TỔNG SỐ,2695795.691029408,5.983634848611885,2014-12-29
1036,"Nông, lâm nghiệp và thủy sản",462523.9716556112,3.494829286867798,2014-12-29
1037,Nông nghiệp,355551.1309711001,2.5999999999999943,2014-12-29
1038,Lâm nghiệp,18272.09819693426,6.849999999999994,2014-12-29
1039,Thủy sản,88700.74248757679,6.529999999999987,2014-12-29
1040,Công nghiệp và xây dựng,1051216.212989762,7.141674239132257,2014-12-29
1041,Công nghiệp,889345.1332211057,7.154730101593373,2014-12-29
1042,Khai khoáng,235951.20062141027,2.4000000000000057,2014-12-29
1043,"Công nghiệp chế biến, chế tạo",530082.1482777252,8.450000000000003,2014-12-29
1044,"Sản xuất và phân phối điện, khí đốt, nước nóng, hơi nước và điều hòa không khí",107397,12.099999999999994,2014-12-29
1045,"Cung cấp nước; hoạt động quản lý và xử lý rác thải, nước thải",15915.391560618269,6.400000000000006,2014-12-29
1046,Xây dựng,161871.07976865626,7.069999999999993,2014-12-29
1047,Dịch vụ,1182055.506384035,5.962169954565709,2014-12-29
1048,"Bán buôn và bán lẻ; sửa chữa ô tô, mô tô, xe máy và xe có động cơ khác",371788.19698427967,6.6200000000000045,2014-12-29
1049,"Vận tải, kho bãi",82368.33802448439,5.420000000000002,2014-12-29
1050,Dịch vụ lưu trú và ăn uống,106918.3841667526,4.680000000000007,2014-12-29
1051,Thông tin và truyền thông,31526.32409086882,9.079999999999998,2014-12-29
1052,"Hoạt động tài chính, ngân hàng và bảo hiểm",151943.5267228063,5.8799999999999955,2014-12-29
1053,Hoạt động kinh doanh bất động sản,148231.08941415517,2.851108829675468,2014-12-29
1054,"Hoạt động chuyên môn, khoa học và công nghệ",37246.889763124746,7.02000000000001,2014-12-29
1055,Hoạt động hành chính và dịch vụ hỗ trợ,11096,7.180000000000007,2014-12-29
1056,"Hoạt động của Đảng Cộng sản, tổ chức chính trị-xã hội; quản lý Nhà nước, an ninh quốc phòng; đảm bảo xã hội bắt buộc",73293.28497945241,7.180000000000007,2014-12-29
1057,Giáo dục và đào tạo,67479.57205704298,7.420000000000002,2014-12-29
1058,Y tế và hoạt động trợ giúp xã hội,31386,7.260000000000005,2014-12-29
1059,"Nghệ thuật, vui chơi và giải trí",19898.82098176953,7.540000000000006,2014-12-29
1060,Hoạt động dịch vụ khác,44532.24340697153,6.459999999999994,2014-12-29
1061,"Hoạt động làm thuê các công việc trong các hộ gia đình, sản xuất sản phẩm vật chất và dịch vụ tự tiêu dùng của hộ gia đình",4347.944905346833,6.38000000000001,2014-12-29
1062,TỔNG SỐ,1836632,5.6200000000000045,2014-09-29
1063,"Nông, lâm nghiệp và thủy sản",323037.1643769971,2.997701400741178,2014-09-29
1064,Nông nghiệp,248444.14830832244,2.0999999999999943,2014-09-29
1065,Lâm nghiệp,12426.895519931077,5.8799999999999955,2014-09-29
1066,Thủy sản,62166.120548743595,6.150000000000006,2014-09-29
1067,Công nghiệp và xây dựng,707092,6.420000000000002,2014-09-29
1068,Công nghiệp,605163.3051352545,6.44346364912802,2014-09-29
1069,Khai khoáng,143626.7054273667,-0.6110161049570024,2014-09-29
1070,"Công nghiệp chế biến, chế tạo",379380.45337666746,8.571430998750486,2014-09-29
1071,"Sản xuất và phân phối điện, khí đốt, nước nóng, hơi nước và điều hòa không khí",70737.77105192447,10.842451243024612,2014-09-29
1072,"Cung cấp nước; hoạt động quản lý và xử lý rác thải, nước thải",11418.37527929595,5.9914458016042005,2014-09-29
1073,Xây dựng,101929,6.299999999999997,2014-09-29
1074,Dịch vụ,806503,5.989999999999995,2014-09-29
1075,"Bán buôn và bán lẻ; sửa chữa ô tô, mô tô, xe máy và xe có động cơ khác",248442.4,6.019999999999996,2014-09-29
1076,"Vận tải, kho bãi",56611,5.329227359306003,2014-09-29
1077,Dịch vụ lưu trú và ăn uống,78943,7.340000000000003,2014-09-29
1078,Thông tin và truyền thông,21546,9.090000000000003,2014-09-29
1079,"Hoạt động tài chính, ngân hàng và bảo hiểm",93805,5.439999999999998,2014-09-29
1080,Hoạt động kinh doanh bất động sản,107604,2.930000000000007,2014-09-29
1081,"Hoạt động chuyên môn, khoa học và công nghệ",23703,7.059863917570183,2014-09-29
1082,Hoạt động hành chính và dịch vụ hỗ trợ,8003.554778711996,7.320213527039982,2014-09-29
1083,"Hoạt động của Đảng Cộng sản, tổ chức chính trị- xã hội; quản lý Nhà nước, an ninh quốc phòng; đảm bảo xã hội bắt buộc",49612.87406879673,7.201092115633074,2014-09-29
1084,Giáo dục và đào tạo,47894.768103750495,7.481560712615234,2014-09-29
1085,Y tế và hoạt động trợ giúp xã hội,21971.80734869932,7.39643814121807,2014-09-29
1086,"Nghệ thuật, vui chơi và giải trí",13236,7.6299999999999955,2014-09-29
1087,Hoạt động dịch vụ khác,32092,6.969999999999999,2014-09-29
1088,"Hoạt động làm thuê các công việc trong các hộ gia đình, sản xuất sản phẩm vật chất và dịch vụ tự tiêu dùng của hộ gia đình",3037.306730168115,6.406182104803634,2014-09-29
1089,TỔNG SỐ,1152097.5137703537,5.180074015026847,2014-06-27
1090,"Nông, lâm nghiệp và thủy sản",210180.8578691169,2.964650553016355,2014-06-27
1091,Nông nghiệp,166838.9147227982,2.25,2014-06-27
1092,Lâm nghiệp,7257.441409202665,5.6200000000000045,2014-06-27
1093,Thủy sản,36084.50173711606,5.849999999999994,2014-06-27
1094,Công nghiệp và xây dựng,445125.8177245276,5.332237453351382,2014-06-27
1095,Công nghiệp,385837.69178125274,5.445663305172417,2014-06-27
1096,Khai khoáng,93519.03739664383,-2.468533880693826,2014-06-27
1097,"Công nghiệp chế biến, chế tạo",241089.1093794135,7.886013770031326,2014-06-27
1098,"Sản xuất và phân phối điện, khí đốt, nước nóng, hơi nước và điều hòa không khí",43996.09089813508,10.756436995479717,2014-06-27
1099,"Cung cấp nước; hoạt động quản lý và xử lý rác thải, nước thải",7234,5.820595828936106,2014-06-27
1100,Xây dựng,59288.125943274885,4.599999999999994,2014-06-27
1101,Dịch vụ,496790.8381767092,6.007858318830998,2014-06-27
1102,"Bán buôn và bán lẻ; sửa chữa ô tô, mô tô, xe máy và xe có động cơ khác",154387.0352172349,5.7819999999999965,2014-06-27
1103,"Vận tải, kho bãi",35239.45045440167,5.200000000000003,2014-06-27
1104,Dịch vụ lưu trú và ăn uống,50846.23644519187,8.5,2014-06-27
1105,Thông tin và truyền thông,13558.467381860377,9.128563808741006,2014-06-27
1106,"Hoạt động tài chính, ngân hàng và bảo hiểm",46627.88514877371,5.506508288390194,2014-06-27
1107,Hoạt động kinh doanh bất động sản,69152.77295560371,2.650100421173647,2014-06-27
1108,"Hoạt động chuyên môn, khoa học và công nghệ",13443.016234015628,7.197551316402468,2014-06-27
1109,Hoạt động hành chính và dịch vụ hỗ trợ,4802.333673870748,7.43397806093364,2014-06-27
1110,"Hoạt động của Đảng Cộng sản, tổ chức chính trị- xã hội; quản lý Nhà nước, an ninh quốc phòng; đảm bảo xã hội bắt buộc",32406.159115820064,7.1963628933281,2014-06-27
1111,Giáo dục và đào tạo,31222.83771739039,7.53051498093447,2014-06-27
1112,Y tế và hoạt động trợ giúp xã hội,14344.529756816268,7.38391403140011,2014-06-27
1113,"Nghệ thuật, vui chơi và giải trí",8233.781737397072,7.717318850692223,2014-06-27
1114,Hoạt động dịch vụ khác,20580.188725972148,7.001586086419493,2014-06-27
1115,"Hoạt động làm thuê các công việc trong các hộ gia đình, sản xuất sản phẩm vật chất và dịch vụ tự tiêu dùng của hộ gia đình",1946.143612360527,6.460185637507877,2014-06-27
1116,TỔNG SỐ,503682.75291799824,4.960355658392217,2014-03-28
1117,"Nông, lâm nghiệp và thủy sản",66844.02768536394,2.3672979889620223,2014-03-28
1118,Nông nghiệp,50421.16007498318,1.9099999999999966,2014-03-28
1119,Lâm nghiệp,3393.7993373244717,4.640000000000001,2014-03-28
1120,Thủy sản,13029.068273056286,3.5800000000000125,2014-03-28
1121,Công nghiệp và xây dựng,200859.61783148086,4.694344881819944,2014-03-28
1122,Công nghiệp,176026,4.879568166696217,2014-03-28
1123,Khai khoáng,41669.88892614641,-2.9000000000000057,2014-03-28
1124,"Công nghiệp chế biến, chế tạo",110294.93120056253,7.299999999999997,2014-03-28
1125,"Sản xuất và phân phối điện, khí đốt, nước nóng, hơi nước và điều hòa không khí",20872.873525772135,9.200000000000003,2014-03-28
1126,"Cung cấp nước; hoạt động quản lý và xử lý rác thải, nước thải",3187.702678256374,5.699999999999989,2014-03-28
1127,Xây dựng,24834.2215007434,3.4000000000000057,2014-03-28
1128,Dịch vụ,235979.1074011534,5.949713325126126,2014-03-28
1129,"Bán buôn và bán lẻ; sửa chữa ô tô, mô tô, xe máy và xe có động cơ khác",77791.34090372591,5.609999999999999,2014-03-28
1130,"Vận tải, kho bãi",16671.642432427983,5.6299999999999955,2014-03-28
1131,Dịch vụ lưu trú và ăn uống,23298.442685527363,7.5800000000000125,2014-03-28
1132,Thông tin và truyền thông,6550.451965447795,9.200000000000003,2014-03-28
1133,"Hoạt động tài chính, ngân hàng và bảo hiểm",20234.518596653557,5.909999999999997,2014-03-28
1134,Hoạt động kinh doanh bất động sản,33586.47831146067,2.4292525733317234,2014-03-28
1135,Hoạt động kinh doanh bất động sản,12122.76797165981,1.7620000000000005,2014-03-28
1136,Khấu hao nhà ở dân cư,21463.71033980086,2.8100000000000023,2014-03-28
1137,"Hoạt động chuyên môn, khoa học và công nghệ",6073.092646692822,7.158200000000008,2014-03-28
1138,Hoạt động hành chính và dịch vụ hỗ trợ,2593.3170310168994,7.480000000000004,2014-03-28
1139,"Hoạt động của Đảng Cộng sản, tổ chức chính trị- xã hội; quản lý Nhà nước, an ninh quốc phòng; đảm bảo xã hội bắt buộc",14400.512811463363,7.480000000000004,2014-03-28
1140,Giáo dục và đào tạo,14306.642200879078,7.819999999999993,2014-03-28
1141,Y tế và hoạt động trợ giúp xã hội,6434.305428730747,7.801820000000006,2014-03-28
1142,"Nghệ thuật, vui chơi và giải trí",3831.3530457723705,9.11999999999999,2014-03-28
1143,Hoạt động dịch vụ khác,9223.516491824557,7.439999999999998,2014-03-28
1144,"Hoạt động làm thuê các công việc trong các hộ gia đình, sản xuất sản phẩm vật chất và dịch vụ tự tiêu dùng của hộ gia đình",983.4928495302648,6.6200000000000045,2014-03-28
