,Phân Loại,M,YTD,M-YOY,YTD-YOY,Date
0,TỔNG SỐ,522079.22540340107,2062351,109.03555915561721,108.54728671320267,2024-04-29
1,Bán lẻ hàng hóa,402559.35240233154,1594545.8938914787,107.16220406219006,107.13947236655517,2024-04-29
2,"Dịch vụ lưu trú, ăn uống",61355.5109192228,237263.27884499897,119.05527248715453,115.32072166018479,2024-04-29
3,Du lịch lữ hành,5248.227143028019,19413.0429216753,157.56044574632037,149.28740721486145,2024-04-29
4,Dịch vụ khác,52916.13493881874,211129.32802619197,109.56836081991321,109.43821331267651,2024-04-29
5,TỔNG SỐ,509325.2648473742,1537649.0328495996,109.17244006964052,108.198186301849,2024-03-29
6,Bán lẻ hàng hóa,392726.82167898986,1190275.5,107.60049825173765,106.97802070457037,2024-03-29
7,"Dịch vụ lưu trú, ăn uống",58309.16283652949,174853.07055056398,115.7696115277271,113.38869908894027,2024-03-29
8,Du lịch lữ hành,5078.741042999123,14153.125528435208,166.1077106579636,146.31766648812018,2024-03-29
9,Dịch vụ khác,53210.6,158367.27140776248,110.57262218301696,109.50128876579137,2024-03-29
10,TỔNG SỐ,509700.638200269,1031482.2472782098,108.49043539420869,108.05291895392439,2024-02-29
11,Bán lẻ hàng hóa,393686.7425867388,798277,107.00765612433773,106.77163659776411,2024-02-29
12,"Dịch vụ lưu trú, ăn uống",59702.322005917384,118347.88816386592,118.42573395671192,113.97112932369006,2024-02-29
13,Du lịch lữ hành,4650.025651880191,8985.7,159.97558471116042,135.83129430176882,2024-02-29
14,Dịch vụ khác,51661.54795573267,105870.93720623915,106.32930743994444,109.70713724510684,2024-02-29
15,TỔNG SỐ,524115.64626917394,524115.64626917394,108.11037276592495,108.11037276592495,2024-01-29
16,Bán lẻ hàng hóa,407541.6346863023,407541.6346863023,107.32000000000002,107.32000000000002,2024-01-29
17,"Dịch vụ lưu trú, ăn uống",58885.6966744795,58885.6966744795,110.217249759853,110.217249759853,2024-01-29
18,Du lịch lữ hành,4394.7705378399705,4394.7705378399705,118.49999999999999,118.49999999999999,2024-01-29
19,Dịch vụ khác,53293,53293,111.22084201121825,111.22084201121825,2024-01-29
20,TỔNG SỐ,565786.3118553628,6231828.066259344,109.29687579262568,109.5965773063425,2023-12-29
21,Bán lẻ hàng hóa,437338.63035592524,4858615.870210709,108.57247185135219,108.581352696673,2023-12-29
22,"Dịch vụ lưu trú, ăn uống",59458.2483534158,673525.9578755653,111.94057531568455,114.70519851270528,2023-12-29
23,Du lịch lữ hành,3614.068607031424,37775.78113000788,171.29054249026805,152.46289753237488,2023-12-29
24,Dịch vụ khác,65375.36453899038,661910.4570430623,109.64189914493451,110.39878833194317,2023-12-29
25,TỔNG SỐ,552702.578496076,5667029.9526919685,110.09866237552401,109.64688848824365,2023-11-29
26,Bán lẻ hàng hóa,424981.03191004496,4420002.296759054,109.11057160974333,108.55091988893662,2023-11-29
27,"Dịch vụ lưu trú, ăn uống",60495.881221881165,616003.5777212497,118.31873801661916,115.34263566143625,2023-11-29
28,Du lịch lữ hành,3698.55485131667,34035.96505803169,170.93701364351236,150.52321821974522,2023-11-29
29,Dịch vụ khác,63527.210512833226,596988.1131536339,107.27747739715538,110.56627556616303,2023-11-29
30,TỔNG SỐ,536326.1246338341,5105422.0473272465,107.01727326962913,109.40744930910601,2023-10-29
31,Bán lẻ hàng hóa,412926.1320723341,3988902.49,106.72634022471821,108.32555870776714,2023-10-29
32,"Dịch vụ lưu trú, ăn uống",59681.29495364372,555607.0210740537,114.93883302622321,115.04811450258006,2023-10-29
33,Du lịch lữ hành,3751.784204306359,30175.799359633547,151.43162910577973,147.5723814196356,2023-10-29
34,Dịch vụ khác,59966.91340354992,530736.6806370575,100.1874336116048,110.40471083761831,2023-10-29
35,TỔNG SỐ,524595.1674463564,4567835.1591229355,107.46781009724653,109.66476280909134,2023-09-29
36,Bán lẻ hàng hóa,402432.1302450229,3572053.1238998882,107.39882059308125,108.39426346945254,2023-09-29
37,"Dịch vụ lưu trú, ăn uống",61123.04003747532,500081.0835074647,113.72261851673164,116.02537726906542,2023-09-29
38,Du lịch lữ hành,3972.802306042497,26548.9658535759,144.92905315540517,147.73562682719285,2023-09-29
39,Dịch vụ khác,57067.19485781564,469151.9858620068,100.21485853312069,111.47340201360663,2023-09-29
40,TỔNG SỐ,515412.6017443559,4043916.099202998,107.57378099217763,109.97479671268515,2023-08-29
41,Bán lẻ hàng hóa,400029.95717261854,3175523.266826435,107.4550547336016,108.72405491264642,2023-08-29
42,"Dịch vụ lưu trú, ăn uống",58679.628725476265,436263.4,110.79983982170167,115.63919677458476,2023-08-29
43,Du lịch lữ hành,3792.3,22394.10921265007,121.34529551621316,147.04537971934752,2023-08-29
44,Dịch vụ khác,52910.664828103676,409735.2690812388,104.23093384409586,112.58948297634548,2023-08-29
45,TỔNG SỐ,512167.4859049639,3529760.507265027,107.1142222215687,110.3738226585912,2023-07-29
46,Bán lẻ hàng hóa,399668.89259594237,2777689.835198842,107.0039711142985,108.99562147651392,2023-07-29
47,"Dịch vụ lưu trú, ăn uống",56335.64113136097,377249.56470740336,105.66585161950921,116.32641432532222,2023-07-29
48,Du lịch lữ hành,3620.0961278755685,18592.810285853953,106.49386022407694,153.60715204396186,2023-07-29
49,Dịch vụ khác,52542.85604978501,356228.29707292747,109.62857953823315,113.7539913007109,2023-07-29
50,TỔNG SỐ,505650.7113255509,3016763.9974479405,106.5379625963699,110.9163804212285,2023-06-29
51,Bán lẻ hàng hóa,396958.44083561294,2377224.5425217357,105.96804990724382,109.30103695585689,2023-06-29
52,"Dịch vụ lưu trú, ăn uống",54571.17634410476,321672.16952097695,106.50781172991977,118.7036124354363,2023-06-29
53,Du lịch lữ hành,2793.2624963353433,14444.787546171005,107.8414194147381,165.94080523367293,2023-06-29
54,Dịch vụ khác,51327.83164949794,303422.4978590573,111.12019427534653,114.40033423325002,2023-06-29
55,TỔNG SỐ,519020.06032347336,2527074.6931503844,111.53806754395829,112.55283618280852,2023-05-29
56,Bán lẻ hàng hóa,409338.77578948485,1993613.89246423,110.94878731486912,110.73595221986238,2023-05-29
57,"Dịch vụ lưu trú, ăn uống",54898.147774782745,268322.2034786528,112.07646860152481,122.1028914483467,2023-05-29
58,Du lịch lữ hành,2513.329518768542,11580.892962373544,140.2941205620803,189.39658918748853,2023-05-29
59,Dịch vụ khác,52269.80724043723,253557.70424512812,114.59699458698107,115.75999988798695,2023-05-29
60,TỔNG SỐ,510704.56383993785,2007251.706910686,111.51623861684507,112.77302201180089,2023-04-29
61,Bán lẻ hàng hóa,401108.11882719555,1581411.6240040248,109.68030298905322,110.48104324084807,2023-04-29
62,"Dịch vụ lưu trú, ăn uống",54855.741160442936,214825.71564398424,121.08669363971183,125.79964576052947,2023-04-29
63,Du lịch lữ hành,2308.5054512179463,9053.409188677682,186.021287323975,209.4167539363544,2023-04-29
64,Dịch vụ khác,52432.19840108144,201960.95807399927,114.69656128730028,116.45397445417214,2023-04-29
65,TỔNG SỐ,501310.0392591525,1505251.4042679658,113.4369815213115,113.86686001391028,2023-03-29
66,Bán lẻ hàng hóa,395651.36197681795,1187157.3778913328,111.28441343322397,111.39897605437726,2023-03-29
67,"Dịch vụ lưu trú, ăn uống",53418.03952386457,161142.66153151446,125.50620658398712,128.43606397556584,2023-03-29
68,Du lịch lữ hành,2163.0273065437696,6775.934775448959,213.90829579867082,219.8434021041616,2023-03-29
69,Dịch vụ khác,50077.61045192618,150175.43006966967,116.94019436816323,117.5893842107232,2023-03-29
70,TỔNG SỐ,481832.0560544001,994152.564068517,113.1563648995373,112.97038929922142,2023-02-28
71,Bán lẻ hàng hóa,377447.8815908251,781794.5972581437,110.49637691984367,110.08881265410236,2023-02-28
72,"Dịch vụ lưu trú, ăn uống",53651,109077.67769997822,127.31158805375986,131.57232828658672,2023-02-28
73,Du lịch lữ hành,2060.3649463251227,4646.421496946695,194.68725584536685,224.35961568102286,2023-02-28
74,Dịch vụ khác,48673.32196658089,98633.8676134483,118.6620099854526,116.1923183011432,2023-02-28
75,TỔNG SỐ,544828.9875902343,544828.9875902343,119.95333061308658,119.95333061308658,2023-01-29
76,Bán lẻ hàng hóa,435442,435442,118.1479868234911,118.1479868234911,2023-01-29
77,"Dịch vụ lưu trú, ăn uống",55983.35830527689,55983.35830527689,137.34163206114874,137.34163206114874,2023-01-29
78,Du lịch lữ hành,2161.324141919316,2161.324141919316,213.42705546205764,213.42705546205764,2023-01-29
79,Dịch vụ khác,51242.80838162043,51242.80838162043,116.80602553026831,116.80602553026831,2023-01-29
80,TỔNG SỐ,515821.7725744002,5679875.575965127,117.1257033338684,119.83522090411742,2022-12-29
81,Bán lẻ hàng hóa,404031.0147620458,4475854.91204579,112.75728291320601,114.37746004382817,2022-12-29
82,"Dịch vụ lưu trú, ăn uống",48850.62377790975,578684,133.35138618834173,152.52967070154986,2022-12-29
83,Du lịch lữ hành,2049.786759873651,24510.128729044412,213.254207956576,371.49753801989266,2022-12-29
84,Dịch vụ khác,60890.347274570966,600827.2404155498,136.87305926092708,136.39102563689988,2022-12-29
85,TỔNG SỐ,514105.670093569,5180535.679720272,117.45841153808867,120.49612721905811,2022-11-29
86,Bán lẻ hàng hóa,397068.0042461741,4079396.1582301045,110.6978245896437,114.75377499994286,2022-11-29
87,"Dịch vụ lưu trú, ăn uống",53366.86954765643,536301.3561111835,151.89777236960794,156.46664140551988,2022-11-29
88,Du lịch lữ hành,2465.0739761418004,22913.208694403136,408.6905110057038,406.5175967032635,2022-11-29
89,Dịch vụ khác,61205.72232359661,541924.956684581,141.48444205799177,136.838874570079,2022-11-29
90,TỔNG SỐ,486364.8302547684,4643574.530887426,117.14721770214942,120.24857345690837,2022-10-29
91,Bán lẻ hàng hóa,379271.59907338663,3675402.75011729,109.63679485762965,114.99227894703235,2022-10-29
92,"Dịch vụ lưu trú, ăn uống",44438.13951860958,467082.1018026002,152.44380171570225,151.83528138314887,2022-10-29
93,Du lịch lữ hành,2139.805942583784,19709.884416136487,523.9874657725113,391.5898777525476,2022-10-29
94,Dịch vụ khác,60515.285720188476,481379.7945513995,152.50610155779484,136.45644666348724,2022-10-29
95,TỔNG SỐ,493091.7134472128,4170221.5832736045,136.1148832452438,120.99971563418126,2022-09-29
96,Bán lẻ hàng hóa,379271.59907338663,3299989.8057092475,119.9186417864168,115.77764417144918,2022-09-29
97,"Dịch vụ lưu trú, ăn uống",53642.33789288761,430904.9497502509,229.11303257727482,154.73810497812389,2022-09-29
98,Du lịch lữ hành,3032.9255012029134,18262.312004465864,3206.2425380757772,394.86694328794056,2022-09-29
99,Dịch vụ khác,57144.85097973564,421064.51580964006,254.2065935076486,134.48622603302834,2022-09-29
100,TỔNG SỐ,481224.89766222046,3679230.024460537,150.19034554038228,119.29243068507655,2022-08-29
101,Bán lẻ hàng hóa,376593.0033486916,2925034.672445805,131.89980642944593,115.43114029724633,2022-08-29
102,"Dịch vụ lưu trú, ăn uống",53473.53567188125,377776.1172440898,285.28918564540487,148.1122578665769,2022-08-29
103,Du lịch lữ hành,3302.8017194791582,15406.93231395353,6536.898083729413,340.0838321521926,2022-08-29
104,Dịch vụ khác,47855.55692216845,361012.3024566887,297.2134615352404,124.22505985438066,2022-08-29
105,TỔNG SỐ,485984.3710760859,3205838.7208043584,142.63230745680298,115.99384209727125,2022-07-29
106,Bán lẻ hàng hóa,381453.2129742339,2556386.4146435093,129.38070900204306,113.69328028271373,2022-07-29
107,"Dịch vụ lưu trú, ăn uống",53891.536410136534,324879.2198691691,234.74726710898562,137.47599973358297,2022-07-29
108,Du lịch lữ hành,3217.2724455440025,11922.055772243111,3550.5767681054963,266.1287136272185,2022-07-29
109,Dịch vụ khác,47422.4,312651.03051943704,207.56138226193693,113.89418758693985,2022-07-29
110,TỔNG SỐ,471765.70163218596,2716999.832423795,127.30616972195948,111.7118631669493,2022-06-29
111,Bán lẻ hàng hóa,373555.692240819,2173886.887755333,121.02652283909701,111.27231264184496,2022-06-29
112,"Dịch vụ lưu trú, ăn uống",49123.70778380461,268874.6082710067,179.9569806141767,120.89079543617287,2022-06-29
113,Du lịch lữ hành,2462.9017267542913,8577.527661706754,1759.380328326674,194.40773449602665,2022-06-29
114,Dịch vụ khác,46623.39988080806,265660.8087357481,135.21019799221116,105.56225054376904,2022-06-29
115,TỔNG SỐ,477305.1762431752,2257108.874756505,122.55350800859401,109.68925743242835,2022-05-29
116,Bán lẻ hàng hóa,375367.036853723,1806754.338797058,118.34118145654607,109.83257368904384,2022-05-29
117,"Dịch vụ lưu trú, ăn uống",55068.87387647124,225837.0142358834,169.26535703227748,115.74637797939506,2022-05-29
118,Du lịch lữ hành,1531.70030733616,5755,424.2937139435346,134.69567366148905,2022-05-29
119,Dịch vụ khác,45337,218763.12583644706,115.12499169412365,102.54367210509261,2022-05-29
120,TỔNG SỐ,455494.379693028,1777434.2347870213,112.10428050941748,106.54398401747312,2022-04-29
121,Bán lẻ hàng hóa,363586.371345869,1429267.0624429262,112.38023246278664,107.64034882507056,2022-04-29
122,"Dịch vụ lưu trú, ăn uống",45488.47282196411,170953.74834003887,114.82340651439745,105.15078063175561,2022-04-29
123,Du lịch lữ hành,1240.989934231263,4323.154197791252,149.37294313084664,110.53420543787273,2022-04-29
124,Dịch vụ khác,45178.545590963644,172890.26980626478,106.71940367368053,99.38771256941774,2022-04-29
125,TỔNG SỐ,437992.32381978555,1318003.953624241,109.44239935531645,104.44183183535331,2022-03-29
126,Bán lẻ hàng hóa,352011.5797656469,1062160.5752994006,110.65298860962713,105.76287644494793,2022-03-29
127,"Dịch vụ lưu trú, ăn uống",41517.28317329817,124420.48867285324,105.86161929750197,101.18481265123569,2022-03-29
128,Du lịch lữ hành,1066,3137.520121460113,129.93680726763176,101.85608227800684,2022-03-29
129,Dịch vụ khác,43396.91127822482,128285.36953052724,103.22234013613156,97.46541939386258,2022-03-29
130,TỔNG SỐ,421833.2737900284,876034.0740559236,103.09071761807749,101.65795229824077,2022-02-28
131,Bán lẻ hàng hóa,338877.8402164304,707433.8422852186,102.4189606027975,103.1,2022-02-28
132,"Dịch vụ lưu trú, ăn uống",41507.79428543855,82269.91241750748,112.57716420763401,98.23841644001703,2022-02-28
133,Du lịch lữ hành,999.4953560546182,2012.1711563369067,139.42395573477077,89.05285507386387,2022-02-28
134,Dịch vụ khác,40448.14393210483,84318.14819686061,99.32030976336551,94.12687346468071,2022-02-28
135,TỔNG SỐ,470683.48756090197,470683.48756090197,101.26205798096322,101.26205798096322,2022-01-29
136,Bán lẻ hàng hóa,383532,383532,104.34962544715192,104.34962544715192,2022-01-29
137,"Dịch vụ lưu trú, ăn uống",41273.99166567525,41273.99166567525,88.05188518508277,88.05188518508277,2022-01-29
138,Du lịch lữ hành,992.7600632455028,992.7600632455028,64.35421321820483,64.35421321820483,2022-01-29
139,Dịch vụ khác,44884.231198431225,44884.231198431225,91.873648694544,91.873648694544,2022-01-29
140,TỔNG SỐ,458455.46428737516,4789494.884800318,101.06115705565466,96.24311406326653,2021-12-29
141,Bán lẻ hàng hóa,371723.8596513891,3950893.823582218,103.69999999999999,100.15102971256873,2021-12-29
142,"Dịch vụ lưu trú, ăn uống",40768.48691049598,397950.16200265754,90.0319198548125,80.67588143431597,2021-12-29
143,Du lịch lữ hành,855.7283727462302,6521.6456200898965,65.26817368922202,40.10014552460626,2021-12-29
144,Dịch vụ khác,45107.389352743885,434129.25359535246,92.83753199555827,83.16889545488162,2021-12-29
145,TỔNG SỐ,397069.6058951646,4128474.5969105978,87.75605970877147,91.28112532050146,2021-11-29
146,Bán lẻ hàng hóa,336117.395612523,3430625.2085352857,94.08034381910805,95.65451367573353,2021-11-29
147,"Dịch vụ lưu trú, ăn uống",30189,331498.18849884305,66.6406850722738,73.99710669112433,2021-11-29
148,Du lịch lữ hành,472.1800139611164,5531.781206178635,44.07005072154522,36.99618813024084,2021-11-29
149,Dịch vụ khác,30291.562296494045,360820,62.032694745312746,76.21909573749089,2021-11-29
150,TỔNG SỐ,357923.46692539554,3720401.1278738854,80.47815214028958,91.40263820950499,2021-10-29
151,Bán lẻ hàng hóa,304705.2510758805,3079583.763351786,86.49628091457672,95.36651523324994,2021-10-29
152,"Dịch vụ lưu trú, ăn uống",27611.77069388113,307012.20522273215,62.96867881811434,76.24077350202579,2021-10-29
153,Du lịch lữ hành,379.30103888227063,5028.398454641693,36.63492151969887,36.22538436934829,2021-10-29
154,Dịch vụ khác,25227.144116751617,328776.76084472536,53.01466771357774,77.43830582564158,2021-10-29
155,TỔNG SỐ,308801.9367452735,3367669.3915343573,71.59375298677426,92.88592379182637,2021-09-29
156,Bán lẻ hàng hóa,270796.8463622664,2779666.7799385414,79.0281256435211,96.61909682942,2021-09-29
157,"Dịch vụ lưu trú, ăn uống",19424.72986621445,279400.434528851,46.37646163457572,77.86262509832754,2021-09-29
158,Du lịch lữ hành,76.19557550834422,4630.204263480515,7.611745869485794,36.045295765382676,2021-09-29
159,Dịch vụ khác,18504.16494128427,303971.9728034844,40.419304351252315,80.63326846983317,2021-09-29
160,TỔNG SỐ,279842.8423980326,3044456.346050773,66.30487103347697,95.3098690257694,2021-08-29
161,Bán lẻ hàng hóa,249938.82865771983,2499640,74.67146508455572,98.63339382864916,2021-08-29
162,"Dịch vụ lưu trú, ăn uống",13527.737396123212,254284.73577859605,33.099951384800356,80.22795404304092,2021-08-29
163,Du lịch lữ hành,19.74136415256688,4522.960491714344,2.4413055526045406,38.186199348081544,2021-08-29
164,Dịch vụ khác,16356,286007.92055760743,35.823449678594805,86.35496325314513,2021-08-29
165,TỔNG SỐ,339361.5824115949,2791314.6300846366,80.19640871092398,100.68888817284929,2021-07-29
166,Bán lẻ hàng hóa,291774,2269694.704317125,88.57208597872824,103.18875306998201,2021-07-29
167,"Dịch vụ lưu trú, ăn uống",21185.949191731754,243597.09910675185,46.18727380994084,88.23314747022151,2021-07-29
168,Du lịch lữ hành,133.27665025959377,4545.409574879454,7.403379306071094,41.1876701745375,2021-07-29
169,Dịch vụ khác,26269.02911741721,273478,57.014703203521734,95.77498606662081,2021-07-29
170,TỔNG SỐ,381858.3515859841,2463846.0392093044,93.35452567351169,104.8867431593322,2021-06-29
171,Bán lẻ hàng hóa,316131.29031202366,1985396.6110681249,98.72897484356477,106.16316645832353,2021-06-29
172,"Dịch vụ lưu trú, ăn uống",28928.57034176971,224042.24748515853,68.9359503883098,97.31922476201913,2021-06-29
173,Du lịch lữ hành,183.22692282709104,4455.372961888403,19.578309765451763,48.241103693401186,2021-06-29
174,Dịch vụ khác,36615.26400936364,249951.8076941325,79.70295143259965,104.37819397681254,2021-06-29
175,TỔNG SỐ,393554.18433131545,2086075.1124966328,98.97376445809492,107.57885672815837,2021-05-29
176,Bán lẻ hàng hóa,318178.26157353295,1670253.0386543924,100.54492035060389,107.82534608522107,2021-05-29
177,"Dịch vụ lưu trú, ăn uống",34321.99507709918,196901,88.15591870380489,104.59618091669172,2021-05-29
178,Du lịch lữ hành,387,4297.634050413325,82.19311832848312,51.78016117832863,2021-05-29
179,Dịch vụ khác,40667.43966933131,214622.81638202997,97.34289995298323,110.9002517983998,2021-05-29
180,TỔNG SỐ,409418.79469994496,1695626.6207935142,130.92439809466174,110.0169805540253,2021-04-29
181,Bán lẻ hàng hóa,324207.1970947857,1352749.6559218396,122.20811473014275,109.77037543509044,2021-04-29
182,"Dịch vụ lưu trú, ăn uống",41492.12589413106,164455.72627327728,192.33657639167484,110.13934365004448,2021-04-29
183,Du lịch lữ hành,899.6206610334012,3979.9670196303664,1745.64483655809,50.832639908111,2021-04-29
184,Dịch vụ khác,42819.85104999484,174441.27157876693,165.97711956640563,114.95284300799908,2021-04-29
185,TỔNG SỐ,405123.71113676555,1291127.6307565153,109.15576785953833,105.0955909239558,2021-03-29
186,Bán lẻ hàng hóa,322789.73077189486,1033209.7215794439,108.54052089017432,106.84096810695681,2021-03-29
187,"Dịch vụ lưu trú, ăn uống",40209.62,123954.77326979065,113.58649717514125,97.03419537806465,2021-03-29
188,Du lịch lữ hành,845,3105.0780789038704,65.40000000000002,39.92121498580569,2021-03-29
189,Dịch vụ khác,41278.806873547896,130858.05782837683,111.38715650752289,103.89547573955547,2021-03-29
190,TỔNG SỐ,439656.0579295852,904478.1863616414,108.182717272434,105.49258801164395,2021-02-28
191,Bán lẻ hàng hóa,354541.5213805473,722086.7707618708,110.47454038182933,107.82818230955475,2021-02-28
192,"Dịch vụ lưu trú, ăn uống",41492.496552934914,88369.42232490833,99.87541463066734,95.69652979666488,2021-02-28
193,Du lịch lữ hành,914.9463967866994,2460.596144334818,39.15748677832988,37.942185314418566,2021-02-28
194,Dịch vụ khác,42707.09359931626,91561.3971305275,102.67473868273835,103.0020566926527,2021-02-28
195,TỔNG SỐ,479944.3871260073,479944.3871260073,106.42156438655594,106.42156438655594,2021-01-29
196,Bán lẻ hàng hóa,378918.4867356434,378918.4867356434,108.65412738910636,108.65412738910636,2021-01-29
197,"Dịch vụ lưu trú, ăn uống",48701.07836509595,48701.07836509595,95.86989107969266,95.86989107969266,2021-01-29
198,Du lịch lữ hành,1568.7992633736687,1568.7992633736687,37.81570735093503,37.81570735093503,2021-01-29
199,Dịch vụ khác,50756.02276189428,50756.02276189428,107.3106013635962,107.3106013635962,2021-01-29
200,TỔNG SỐ,472047.0081075943,5059846.167307816,109.3725253772003,102.61634798475822,2020-12-27
201,Bán lẻ hàng hóa,369878.821860599,3996884.78309887,113.78852549740223,106.7829097894174,2020-12-27
202,"Dịch vụ lưu trú, ăn uống",49137.20209055657,510402,94.61527388232068,87.02647596434727,2020-12-27
203,Du lịch lữ hành,1296.5577272005773,17926.715064301803,31.760851072437752,40.50403905558996,2020-12-27
204,Dịch vụ khác,51734.42642923817,534632.1519428937,102.40069450814097,95.96912118455847,2020-12-27
205,TỔNG SỐ,464386.10335591144,4590702.345662454,108.4937773971355,102.0327791526665,2020-11-29
206,Bán lẻ hàng hóa,365718.867312305,3630401.75691325,113.21290989987372,106.21600362475867,2020-11-29
207,"Dịch vụ lưu trú, ăn uống",47401.23574310435,461198.8903350482,93.50756992643306,86.27677769673168,2020-11-29
208,Du lịch lữ hành,1238.3248324316662,16632.358908846894,31.661486313564758,41.397888768102916,2020-11-29
209,Dịch vụ khác,50027.67546807039,482469.33950530895,99.28043607033344,95.24311190410474,2020-11-29
210,TỔNG SỐ,450754.54867048474,4122963.852929428,106.12197490019366,101.2711531919312,2020-10-29
211,Bán lẻ hàng hóa,356543.24956289766,3263363.652789902,110.99276944395942,105.44306290821119,2020-10-29
212,"Dịch vụ lưu trú, ăn uống",44803.77903694838,412721.54512391647,91.03591412635177,85.29684071481955,2020-10-29
213,Du lịch lữ hành,1158,15355.156069231427,30.21689935024609,42.34072553608528,2020-10-29
214,Dịch vụ khác,48250.041370695595,431523.49894637824,95.59337905496173,94.5958651428454,2020-10-29
215,TỔNG SỐ,441449.860638266,3673532.44573923,104.911518545002,100.742399702128,2020-09-29
216,Bán lẻ hàng hóa,348101.500577147,2907122.93448409,109.211062719221,104.81123508389,2020-09-29
217,"Dịch vụ lưu trú, ăn uống",45241.8899014231,369293.892192823,92.6874627498252,84.9636095630071,2020-09-29
218,Du lịch lữ hành,1123.05906508205,14162.2180182761,29.9582714798004,43.663217810263,2020-09-29
219,Dịch vụ khác,46983.4110946137,382953.401044036,94.952287434704,94.3928725528921,2020-09-29
220,TỔNG SỐ,422874.4910301987,3225072.28484272,101.94795122913023,99.9812188335872,2020-08-29
221,Bán lẻ hàng hóa,334330.55709556065,2553612.972585523,106.57757258505455,104.01966319911725,2020-08-29
222,"Dịch vụ lưu trú, ăn uống",41311.28785560339,322515.0011569917,84.40904258036286,83.58813454833623,2020-08-29
223,Du lịch lữ hành,974,13067.22098283457,25.59140717415479,45.552007897922465,2020-08-29
224,Dịch vụ khác,46258.12832893645,335877.0901173704,95.67780803300057,94.28908731717041,2020-08-29
225,TỔNG SỐ,431877.2134361049,2799573.211012758,104.25894119806516,99.59762128773656,2020-07-29
226,Bán lẻ hàng hóa,333761.4428230033,2217961.3356662113,106.9571997793705,103.58322543346543,2020-07-29
227,"Dịch vụ lưu trú, ăn uống",48162.69922464443,280928,95.59418588712373,83.38719607755625,2020-07-29
228,Du lịch lữ hành,1550.8276386849923,11095.610517391418,40.33434049706874,44.599392345350374,2020-07-29
229,Dịch vụ khác,48402.24374977213,289587.73915391794,100.92970752410888,94.06086354404056,2020-07-29
230,TỔNG SỐ,431025.6859548784,2380753.531019395,105.34463144727229,99.15615376532394,2020-06-29
231,Bán lẻ hàng hóa,336584.745403382,1895589,109.42469436277219,103.40000000000029,2020-06-29
232,"Dịch vụ lưu trú, ăn uống",46083.44984162584,234742.107,91.69733588893361,81.93040845089776,2020-06-29
233,Du lịch lữ hành,1906,10253.329316372281,49.253256897688935,46.797776885179296,2020-06-29
234,Dịch vụ khác,46452.02193670456,240169.60976226325,97.92136078102085,92.6105819775751,2020-06-29
235,TỔNG SỐ,384816.7602107281,1913889.3457580882,95.22897414448774,96.0856952558934,2020-05-29
236,Bán lẻ hàng hóa,311082.243009892,1543428,101.60808644268032,101.1644558060543,2020-05-29
237,"Dịch vụ lưu trú, ăn uống",32450.8453999101,175254.80436689,66.24758788780346,74.17942211590449,2020-05-29
238,Du lịch lữ hành,450,8278.42444841319,12.160512526642162,45.88635122756509,2020-05-29
239,Dịch vụ khác,40834.3177385765,186927.594001105,90.2256849612948,88.21720850134194,2020-05-29
240,TỔNG SỐ,293943.0990086489,1519955.5905086051,73.99680679732526,95.72953214850057,2020-04-29
241,Bán lẻ hàng hóa,257392.75858288657,1224447.9833251776,84.6942329340148,100.40541670898114,2020-04-29
242,"Dịch vụ lưu trú, ăn uống",16807.200582891623,143036.6776193584,35.28470161225787,76.37837561768342,2020-04-29
243,Du lịch lữ hành,87.61591916114166,7865.630891921629,2.4540679205474296,54.82820377337987,2020-04-29
244,Dịch vụ khác,19655,144605.29867214762,46.65893761478325,86.77876611712801,2020-04-29
245,TỔNG SỐ,389953.1697272706,1246138.7011750424,99.20965558500343,104.67154910585093,2020-03-27
246,Bán lẻ hàng hóa,316114.421432694,985778.6551196661,104.6693303772259,107.66528219281857,2020-03-27
247,"Dịch vụ lưu trú, ăn uống",33886.0843213131,126229.4770364668,73.20852866337943,90.39592044646527,2020-03-27
248,Du lịch lữ hành,1292.8952466709202,7778.014972760488,37.693738969997675,72.18089301658233,2020-03-27
249,Dịch vụ khác,38659.76872659252,126352.55404614891,93.538876883841,101.47921363141002,2020-03-27
250,TỔNG SỐ,414073.2952835037,863857.4448706132,105.95097310090695,108.32568855464531,2020-02-29
251,Bán lẻ hàng hóa,325221,673959.735924454,108.15395605888925,109.83999134852309,2020-02-29
252,"Dịch vụ lưu trú, ăn uống",44172.420964319535,94971,96.09805407280486,101.73314359828487,2020-02-29
253,Du lịch lữ hành,3278.5471497947146,7427.085874232666,93.98670338172008,101.1075865166919,2020-02-29
254,Dịch vụ khác,41400.8268194395,87499.06400843794,101.82379914110675,105.19165645794118,2020-02-29
255,TỔNG SỐ,448052.4554747812,448052.4554747812,110.182106706452,110.182106706452,2020-01-29
256,Bán lẻ hàng hóa,346208.8269553839,346208.8269553839,110.65197437656605,110.65197437656605,2020-01-29
257,"Dịch vụ lưu trú, ăn uống",50614.01018814976,50614.01018814976,106.80851311865847,106.80851311865847,2020-01-29
258,Du lịch lữ hành,4144,4144,107.44791872143564,107.44791872143564,2020-01-29
259,Dịch vụ khác,47084.90506066459,47084.90506066459,110.73243930335698,110.73243930335698,2020-01-29
260,TỔNG SỐ,433230.1262609194,4940403.1015111795,112.03044622901794,111.84598062031199,2019-12-27
261,Bán lẻ hàng hóa,325781.91975730995,3751335.0982933203,112.23796823310157,112.68488363500238,2019-12-27
262,"Dịch vụ lưu trú, ăn uống",52128.95012344059,586686.3393159199,110.42760904037188,109.8302209964804,2019-12-27
263,Du lịch lữ hành,4338.0170077874845,45971.58988573402,111.77192587029707,112.0744584712765,2019-12-27
264,Dịch vụ khác,50981.23937238138,556410.074016205,112.392710215628,108.48209932026194,2019-12-27
265,TỔNG SỐ,425515.727222356,4481567.10502331,112.585388107948,111.772729513928,2019-11-29
266,Bán lẻ hàng hóa,321035.008871076,3400493.336332,113.177916505855,112.678088690387,2019-11-29
267,"Dịch vụ lưu trú, ăn uống",49941.6307025226,533806.615226164,109.651443892181,109.61813786188,2019-11-29
268,Du lịch lữ hành,4077.43495989745,41653.8009024603,112.259718583264,112.160542831442,2019-11-29
269,Dịch vụ khác,50461.6526888602,505613.352562693,111.848136252102,108.142168030968,2019-11-29
270,TỔNG SỐ,425670.44571952324,4059437.2707387144,113.34088048280407,111.7813884076759,2019-10-29
271,Bán lẻ hàng hóa,322731.48830590316,3083458.327460921,114.72899787516666,112.77252896202796,2019-10-29
272,"Dịch vụ lưu trú, ăn uống",49050,483699.4859295767,109.22319426782087,109.57720933905269,2019-10-29
273,Du lịch lữ hành,3902.921853118108,37502.65274108756,109.47754394466587,111.92978856142577,2019-10-29
274,Dịch vụ khác,49986.03556050197,454776.80460712925,109.15291508494266,107.65761585155775,2019-10-29
275,TỔNG SỐ,420342.82527349715,3634779.5999356895,112.69072804520597,111.6326130198454,2019-09-28
276,Bán lẻ hàng hóa,318831.257,2762304.071,113.87861167907619,112.61246340913135,2019-09-28
277,"Dịch vụ lưu trú, ăn uống",48858.21831091783,434697,108.56435960533875,109.62915444294138,2019-09-28
278,Du lịch lữ hành,3820.5272078978714,33525.445919304555,109.68870804117343,111.9736710152465,2019-09-28
279,Dịch vụ khác,48832.82275468144,404253.6079963258,109.62817859388134,107.33318288511195,2019-09-28
280,TỔNG SỐ,414401.7048510094,3215530.8615389494,112.36552168368941,111.54141406553661,2019-08-29
281,Bán lẻ hàng hóa,313564.579,2444804.879,113.32598792623317,112.51062837066894,2019-08-29
282,"Dịch vụ lưu trú, ăn uống",49027.11744698281,385923.59423216316,109.83641823189849,109.78975715105588,2019-08-29
283,Du lịch lữ hành,3854.120638519437,29664.983568854754,108.69205353543026,112.12354043708706,2019-08-29
284,Dịch vụ khác,47955.88776550714,355137.4047379319,109.1818158160734,107.00457050383794,2019-08-29
285,TỔNG SỐ,415113.3097899592,2804827.430718877,112.44854443232074,111.56476931078478,2019-07-29
286,Bán lẻ hàng hóa,312238.7325991109,2134196.1752747004,113.4095311624654,112.5475344531741,2019-07-29
287,"Dịch vụ lưu trú, ăn uống",50938.76247189257,337452.78264876595,110.95508921993186,109.96425100581824,2019-07-29
288,Du lịch lữ hành,3928.4690029672215,25838.33310084807,107.779680577401,112.4585003663093,2019-07-29
289,Dịch vụ khác,48007.34571598846,307340.13969456253,108.40656035783611,106.7275637715331,2019-07-29
290,TỔNG SỐ,409774.8818086073,2391135.5955603668,111.52261778635516,111.47893605245575,2019-06-28
291,Bán lẻ hàng hóa,308478.7348922074,1823645.615375048,112.35535285701854,112.50527053970414,2019-06-28
292,"Dịch vụ lưu trú, ăn uống",50390.57519071949,286648.55532577157,112.25251047883258,109.84149451617338,2019-06-28
293,Du lịch lữ hành,3865.0211002649035,21906.16890772036,112.96894818213651,113.32158889603912,2019-06-28
294,Dịch vụ khác,47040,258935.25595182704,105.54651582984111,106.25930108691355,2019-06-28
295,TỔNG SỐ,403826.89484007185,1983746.703824551,111.37676452485098,111.57204669664729,2019-05-27
296,Bán lẻ hàng hóa,306864.308,1517978.5013349575,112.65324431245485,112.7446690958489,2019-05-27
297,"Dịch vụ lưu trú, ăn uống",48728.10733469404,236001.89584171487,109.57515068184924,109.22208142246885,2019-05-27
298,Du lịch lữ hành,3555.988214467263,18451.084803586913,110.34029512916959,112.36304190955275,2019-05-27
299,Dịch vụ khác,44679,211315.22184429184,105.15722840648377,106.12781581669937,2019-05-27
300,TỔNG SỐ,399961.2765723701,1583734.3122220433,111.99285923015438,111.89156655409957,2019-04-29
301,Bán lẻ hàng hóa,306560.432732287,1215857.15097849,113.07001554387826,113.2094773034983,2019-04-29
302,"Dịch vụ lưu trú, ăn uống",47725.683720880996,187366.36286547806,109.92436314246241,109.18453264556642,2019-04-29
303,Du lịch lữ hành,3601.055880657535,14925.920430657536,113.208946061027,113.09050311246584,2019-04-29
304,Dịch vụ khác,42074.1042385446,165584.87794741776,106.76297176420132,105.71953514468693,2019-04-29
305,TỔNG SỐ,392189.65942662215,1184880.7294109757,,111.9620534446659,2019-03-29
306,Bán lẻ hàng hóa,301021.230250514,910383.216095921,,113.3919017355566,2019-03-29
307,"Dịch vụ lưu trú, ăn uống",46675.11428878327,140028.72150338,,109.23666790170834,2019-03-29
308,Du lịch lữ hành,3508.7574596816025,11303.622009681603,,112.84083457473125,2019-03-29
309,Dịch vụ khác,40984.55742764325,123165.16980199321,,105.07388957885797,2019-03-29
310,TỔNG SỐ,390820.7424887325,793766.09183768,111.46025580958776,112.24264228170885,2019-02-28
311,Bán lẻ hàng hóa,301382.944928908,613410.923435504,112.46019524146426,114.42168990568409,2019-02-28
312,"Dịch vụ lưu trú, ăn uống",44815.168750090495,90202.78662552046,109.40139208649846,105.69116031543786,2019-02-28
313,Du lịch lữ hành,3948,7955.814926802505,117.08943306186276,107.78763833899674,2019-02-28
314,Dịch vụ khác,40675.23763784747,82196,106.17160414906934,104.89034506938948,2019-02-28
315,TỔNG SỐ,402229.825598196,402229.825598196,112.182109369535,112.182109369535,2019-01-29
316,Bán lẻ hàng hóa,305373.320297,305373.320297,113.056867182999,113.056867182999,2019-01-29
317,"Dịch vụ lưu trú, ăn uống",49498.674745684,49498.674745684,111.529605606975,111.529605606975,2019-01-29
318,Du lịch lữ hành,4326.83055551172,4326.83055551172,107.907819508606,107.907819508606,2019-01-29
319,Dịch vụ khác,43031,43031,107.433970900726,107.433970900726,2019-01-29
320,TỔNG SỐ,394526.1595634585,4395703.720619047,112.71935888545983,111.70255960355362,2018-12-27
321,Bán lẻ hàng hóa,296553.129,3306146.858511706,113.10569577797426,112.41325540992135,2018-12-27
322,"Dịch vụ lưu trú, ăn uống",49867.1,539451.0228364596,111.12841186496871,109.0561041832406,2018-12-27
323,Du lịch lữ hành,3734.16866287586,40978.034865713096,103.21085303692261,114.13222723293532,2018-12-27
324,Dịch vụ khác,44371.81379445775,509127.80440516793,112.83375932110711,109.82933714227852,2018-12-27
325,TỔNG SỐ,385017,4000126,112.23487504177405,111.52894081805198,2018-11-29
326,Bán lẻ hàng hóa,288634.035,3007242.668,113.08625148404774,112.25772068844752,2018-11-29
327,"Dịch vụ lưu trú, ăn uống",46952,488571,108.2,108.56794025310667,2018-11-29
328,Du lịch lữ hành,3408.941477701077,37025,102.99963331018466,114.67907536894198,2018-11-29
329,Dịch vụ khác,46022.20877107157,467287,111.65105787107414,109.83144909384642,2018-11-29
330,TỔNG SỐ,378626.6109332712,3612796.2000041194,112.35012926127771,111.39426991383974,2018-10-29
331,Bán lẻ hàng hóa,286955.442,2719224.511101493,114.21024024101258,112.19587940199432,2018-10-29
332,"Dịch vụ lưu trú, ăn uống",44323.72148214563,440039.4401526066,108.35866415679402,108.27870423205133,2018-10-29
333,Du lịch lữ hành,3271.609227086963,33503.233674829804,105.62208498385817,115.6214752436377,2018-10-29
334,Dịch vụ khác,44075.83822403862,420029.0150751899,105.5660745533052,109.31443984590467,2018-10-29
335,TỔNG SỐ,374758.25122558826,3235075.231697199,112.51846590053319,111.314591154108,2018-09-28
336,Bán lẻ hàng hóa,282982.983,2433129.148,114.14469055627174,112.00249584842987,2018-09-28
337,"Dịch vụ lưu trú, ăn uống",44527.749,396039.22350324434,103.87306317273483,108.35826779137183,2018-09-28
338,Du lịch lữ hành,3415,30246.06650033068,111.84615434991174,116.87410299663475,2018-09-28
339,Dịch vụ khác,43831.77122558821,375660.7936936242,111.74073695273935,109.68602448939978,2018-09-28
340,TỔNG SỐ,370026,2860371,,111.1608469505342,2018-08-29
341,Bán lẻ hàng hóa,277160,2149466,,111.69119274502376,2018-08-29
342,"Dịch vụ lưu trú, ăn uống",45142,352018,,109.11098193547983,2018-08-29
343,Du lịch lữ hành,3585,26842,,117.59878267324497,2018-08-29
344,Dịch vụ khác,44139,332045,,109.49149551591188,2018-08-29
345,TỔNG SỐ,371450.51866374497,2493391.368,,111.08962926416221,2018-07-27
346,Bán lẻ hàng hóa,277106.64466374496,1874948.3229999996,,111.6696324069755,2018-07-27
347,"Dịch vụ lưu trú, ăn uống",45833.097,306698.734,,109.12113574116916,2018-07-27
348,Du lịch lữ hành,3500.76,23112.952,,117.6712878610306,2018-07-27
349,Dịch vụ khác,45010.017,288631.359,,109.01294322713623,2018-07-27
350,TỔNG SỐ,364534,2120895,,110.65404070937876,2018-06-29
351,Bán lẻ hàng hóa,272262,1597404,,111.25044429998138,2018-06-29
352,"Dịch vụ lưu trú, ăn uống",44900,260876,,109.62310408743514,2018-06-29
353,Du lịch lữ hành,3446,19637,,119.46833810408866,2018-06-29
354,Dịch vụ khác,43926,242978,,107.31549954970335,2018-06-29
355,TỔNG SỐ,354049.1814085293,1752689.3908541687,,110.05279804906527,2018-05-29
356,Bán lẻ hàng hóa,266992.9734085293,1325594.1768541688,,110.96511617419989,2018-05-29
357,"Dịch vụ lưu trú, ăn uống",42918.953,214424.177,,108.87186457156301,2018-05-29
358,Du lịch lữ hành,3217.005,16185.138,,123.02610160630356,2018-05-29
359,Dịch vụ khác,40920.25,196485.899,,104.58144804869747,2018-05-29
360,TỔNG SỐ,350541,1399406,,109.84647616160623,2018-04-27
361,Bán lẻ hàng hóa,265845,1060179,,110.79009480633617,2018-04-27
362,"Dịch vụ lưu trú, ăn uống",43830,172019,,109.37236998089685,2018-04-27
363,Du lịch lữ hành,2762,12947,,126.08088099528581,2018-04-27
364,Dịch vụ khác,38104,154261,,103.1898733384659,2018-04-27
365,TỔNG SỐ,343786.1690175863,1047973.8052930684,,9.855730691391713,2018-03-29
366,Bán lẻ hàng hóa,259540.14401758628,792636.8612930683,,10.52738418837744,2018-03-29
367,"Dịch vụ lưu trú, ăn uống",43501.879,128847,,8.966792334827417,2018-03-29
368,Du lịch lữ hành,2768.819,10149.828,,30.31008805901567,2018-03-29
369,Dịch vụ khác,37975.327,116339.607,,5.018435834751145,2018-03-29
370,TỔNG SỐ,350441.29522549995,703992.068937936,,110.09446427595839,2018-02-28
371,Bán lẻ hàng hóa,266872.3552255,531978.300937936,,109.99751441403349,2018-02-28
372,"Dịch vụ lưu trú, ăn uống",40962.133,85343.777,,110.24320610774585,2018-02-28
373,Du lịch lữ hành,3503.089,7512.834,,138.42369641997422,2018-02-28
374,Dịch vụ khác,39103.718,79157.157,,108.47223226948024,2018-02-28
375,TỔNG SỐ,361073.36956419423,361073.36956419423,109.48914269481742,109.48914269481742,2018-01-29
376,Bán lẻ hàng hóa,272004.31456419424,272004.31456419424,108.28137262793061,108.28137262793061,2018-01-29
377,"Dịch vụ lưu trú, ăn uống",45089.807,45089.807,114.70254277724867,114.70254277724867,2018-01-29
378,Du lịch lữ hành,3931.896,3931.896,139.27139158186307,139.27139158186307,2018-01-29
379,Dịch vụ khác,40047.352,40047.352,109.88350754885133,109.88350754885133,2018-01-29
380,TỔNG SỐ,352368.1289226967,3934184.656999999,,110.86453183853192,2017-12-29
381,Bán lẻ hàng hóa,258943.41292269665,2937317.212999999,,110.890000014327,2017-12-29
382,"Dịch vụ lưu trú, ăn uống",47908.495,494654.588,,111.84565862830604,2017-12-29
383,Du lịch lữ hành,3618.531,35916.685,,110.40999858501077,2017-12-29
384,Dịch vụ khác,41897.69,466296.171,,109.7195755918788,2017-12-29
385,TỔNG SỐ,344808.5203059155,3600657.7302593202,,110.73372207790851,2017-11-29
386,Bán lẻ hàng hóa,258321.1543059155,2697483.6282593203,,110.77540330998126,2017-11-29
387,"Dịch vụ lưu trú, ăn uống",41792.078,445272.275,,111.18688073925176,2017-11-29
388,Du lịch lữ hành,3475.608,33664.097,,116.1627767626945,2017-11-29
389,Dịch vụ khác,41219.68,424237.73,,109.59624016543891,2017-11-29
390,TỔNG SỐ,340889.50000233215,3257981.4643509,,110.70747849163496,2017-10-27
391,Bán lẻ hàng hóa,253774.96200233215,2439001.9653509003,,110.6052416531692,2017-10-27
392,"Dịch vụ lưu trú, ăn uống",44085.939,406672.496,,112.48965962846657,2017-10-27
393,Du lịch lữ hành,3331.571,30122.593,,115.22318381607066,2017-10-27
394,Dịch vụ khác,39697.028,382184.41,,109.1737827005171,2017-10-27
395,TỔNG SỐ,336584.61325074243,2917544.8069999996,,110.4991295192675,2017-09-29
396,Bán lẻ hàng hóa,251107.0292507425,2185763.405,,110.4506914021136,2017-09-29
397,"Dịch vụ lưu trú, ăn uống",42675.934,362481.557,,112.03853007291566,2017-09-29
398,Du lịch lữ hành,3692.67,26929.795,,114.39025494651354,2017-09-29
399,Dịch vụ khác,39108.98,342370,,108.9280762369795,2017-09-29
400,TỔNG SỐ,330013.26968738076,2580167.8780269846,,110.25957122403358,2017-08-29
401,Bán lẻ hàng hóa,249014.85868738074,1935579.2550269847,,110.30332703023937,2017-08-29
402,"Dịch vụ lưu trú, ăn uống",39045.73,318025.935,,111.29351747026274,2017-08-29
403,Du lịch lữ hành,3270.041,23112.078,,110.9946687008577,2017-08-29
404,Dịch vụ khác,38682.64,303450.61,,108.86918065890244,2017-08-29
405,TỔNG SỐ,327602.1121126352,2248857.14588706,,110,2017-07-28
406,Bán lẻ hàng hóa,244331.60211263527,1685636.11188706,,110,2017-07-28
407,"Dịch vụ lưu trú, ăn uống",41510.122,278608.453,,111.55632037251983,2017-07-28
408,Du lịch lữ hành,3358.448,19795.471,,109.53643755365331,2017-07-28
409,Dịch vụ khác,38401.94,264817.11,,108.36022011252612,2017-07-28
410,TỔNG SỐ,326624.8,1924123.7,,110.10966405700819,2017-06-29
411,Bán lẻ hàng hóa,243484.6,1443455.8,,110.16322539822274,2017-06-29
412,"Dịch vụ lưu trú, ăn uống",41373.2,237866.8,,111.97224084371928,2017-06-29
413,Du lịch lữ hành,3013.4,16169.2,,106.70681153699877,2017-06-29
414,Dịch vụ khác,38753.6,226631.9,,108.13295075305685,2017-06-29
415,TỔNG SỐ,323539.9,1600809.6,,110.2423775989988,2017-05-29
416,Bán lẻ hàng hóa,242909.4,1203140.4,,110.4310019516961,2017-05-29
417,"Dịch vụ lưu trú, ăn uống",38909.7,196187.6,,111.3355787920252,2017-05-29
418,Du lịch lữ hành,2767.2,13035.8,,106.17363829594359,2017-05-29
419,Dịch vụ khác,38953.6,188445.8,,108.24241276844153,2017-05-29
420,TỔNG SỐ,317503.1,1267875.1,,109.56306565695493,2017-04-28
421,Bán lẻ hàng hóa,237470,955836.2,,109.73818284999369,2017-04-28
422,"Dịch vụ lưu trú, ăn uống",39163.5,153372.4,,111.27733114550186,2017-04-28
423,Du lịch lữ hành,2459.4,10245.5,,106.34115183252595,2017-04-28
424,Dịch vụ khác,38410.2,148421,,106.98424771512076,2017-04-28
425,TỔNG SỐ,312459.6,921061.2,,109.18362985226935,2017-03-29
426,Bán lẻ hàng hóa,235073.5,689446.2,,109.77267149642813,2017-03-29
427,"Dịch vụ lưu trú, ăn uống",38185.7,114013.7,,108.86901510379086,2017-03-29
428,Du lịch lữ hành,2164.2,7590.5,,109.8563539205978,2017-03-29
429,Dịch vụ khác,37036.2,110010.8,,105.89487902118056,2017-03-29
430,TỔNG SỐ,309284.3,640043.1,,108.71252515033025,2017-02-28
431,Bán lẻ hàng hóa,234085.6,487465.7,,109.7285328298528,2017-02-28
432,"Dịch vụ lưu trú, ăn uống",37723.1,75823.2,,104.17523771022574,2017-02-28
433,Du lịch lữ hành,2535.5,5368.8,,105.13179218732498,2017-02-28
434,Dịch vụ khác,34940.1,71385.4,,107.16877765340584,2017-02-28
435,TỔNG SỐ,330296.9,330296.9,109.93558223249507,109.93558223249507,2017-01-27
436,Bán lẻ hàng hóa,252712.9,252712.9,110.87692212760571,110.87692212760571,2017-01-27
437,"Dịch vụ lưu trú, ăn uống",37321.5,37321.5,103.14326519114351,103.14326519114351,2017-01-27
438,Du lịch lữ hành,3338.4,3338.4,130.67278433496975,130.67278433496975,2017-01-27
439,Dịch vụ khác,36924.1,36924.1,109.29158735378482,109.29158735378482,2017-01-27
440,TỔNG SỐ,320312.1,3527366.1,,110.19231209770648,2016-12-29
441,Bán lẻ hàng hóa,241941.8,2676450.2,,110.23466930035129,2016-12-29
442,"Dịch vụ lưu trú, ăn uống",38914,413436.7,,110.6997244142564,2016-12-29
443,Du lịch lữ hành,3292.2,34061.6,,111.97261543611047,2016-12-29
444,Dịch vụ khác,36164.1,403417.6,,109.25390753851481,2016-12-29
445,TỔNG SỐ,302924,3201464.3,,109.48339305386531,2016-11-29
446,Bán lẻ hàng hóa,227427.4,2429074.9,,109.3637064945612,2016-11-29
447,"Dịch vụ lưu trú, ăn uống",37304.3,374477.3,,110.37037540700953,2016-11-29
448,Du lịch lữ hành,3398.4,30989.1,,111.39235655936363,2016-11-29
449,Dịch vụ khác,34793.9,366923,,109.2208005710926,2016-11-29
450,TỔNG SỐ,295349.9,2896623.9,,109.31566011886866,2016-10-28
451,Bán lẻ hàng hóa,223143.8,2201101.4,,109.3249056830062,2016-10-28
452,"Dịch vụ lưu trú, ăn uống",35826.4,336652.4,,109.28491071790147,2016-10-28
453,Du lịch lữ hành,2696.9,26986.8,,106.81995960232473,2016-10-28
454,Dịch vụ khác,33682.8,331883.3,,109.49351336175228,2016-10-28
455,TỔNG SỐ,296150.3,2605781.6,,109.5023067640196,2016-09-29
456,Bán lẻ hàng hóa,225367.2,1984174.3,,109.744600845982,2016-09-29
457,"Dịch vụ lưu trú, ăn uống",35033.2,300041.2,,108.31550431204553,2016-09-29
458,Du lịch lữ hành,2827.4,24198.6,,107.5456560697188,2016-09-29
459,Dịch vụ khác,32922.5,297367.5,,109.26241944874728,2016-09-29
460,TỔNG SỐ,292821,2307725.2,,109.25735051741225,2016-08-29
461,Bán lẻ hàng hóa,223638.8,1758653.6,,109.68800186219174,2016-08-29
462,"Dịch vụ lưu trú, ăn uống",33858.8,263680.1,,106.87334374080837,2016-08-29
463,Du lịch lữ hành,2963.1,21169.7,,106.9946682466551,2016-08-29
464,Dịch vụ khác,32360.3,264221.8,,109.0200286548037,2016-08-29
465,TỔNG SỐ,295690.8,2016870,,109.436001639074,2016-07-29
466,Bán lẻ hàng hóa,222500.1,1535207.7,,109.731655051375,2016-07-29
467,"Dịch vụ lưu trú, ăn uống",35856.3,230406.8,,107.49648652253698,2016-07-29
468,Du lịch lữ hành,3353.2,18429,,109.45557956423153,2016-07-29
469,Dịch vụ khác,33981.2,232826.5,,109.44421922979221,2016-07-29
470,TỔNG SỐ,295823.4,1724034.4209999999,,109.45874226573874,2016-06-29
471,Bán lẻ hàng hóa,222596.7,1314315.7,,109.80245561330038,2016-06-29
472,"Dịch vụ lưu trú, ăn uống",35938.4,195489.9,,107.43164375652705,2016-06-29
473,Du lịch lữ hành,3266.5,15033.1,,109.57552855204409,2016-06-29
474,Dịch vụ khác,34021.8,199195.7,,109.21663900553717,2016-06-29
475,TỔNG SỐ,286156.7,1427115.6,,109.05573705905631,2016-05-30
476,Bán lẻ hàng hóa,218867.4,1091912.9,,109.54952659274169,2016-05-30
477,"Dịch vụ lưu trú, ăn uống",31352.7,158495.1,,106.2088706946513,2016-05-30
478,Du lịch lữ hành,2551.4,11700.6,,106.7205607435719,2016-05-30
479,Dịch vụ khác,33385.2,165007,,108.78059547139853,2016-05-30
480,TỔNG SỐ,279806.5,1138190.8,,108.82,2016-04-29
481,Bán lẻ hàng hóa,214652.1,870149.9,,108.99,2016-04-29
482,"Dịch vụ lưu trú, ăn uống",29956.9,127371.4,,107.99,2016-04-29
483,Du lịch lữ hành,2213,9122.3,,108.06,2016-04-29
484,Dịch vụ khác,32984.5,131547.2,,108.56,2016-04-29
485,TỔNG SỐ,275435.4,859560.3,,109.1,2016-03-29
486,Bán lẻ hàng hóa,212562,657067.9,,109.18830655111577,2016-03-29
487,"Dịch vụ lưu trú, ăn uống",29011.1,97267.9,,108.4613550243054,2016-03-29
488,Du lịch lữ hành,2102.6,6854.5,,108.82415966338223,2016-03-29
489,Dịch vụ khác,31759.7,98370,,108.90690952940729,2016-03-29
490,TỔNG SỐ,287961.8,586967.8,,109.74578410001463,2016-02-29
491,Bán lẻ hàng hóa,218759.9,446681.9,,109.97041630399235,2016-02-29
492,"Dịch vụ lưu trú, ăn uống",33747.2,68632.7,,107.99008217774309,2016-02-29
493,Du lịch lữ hành,2361.5,4775,,109.1521277327721,2016-02-29
494,Dịch vụ khác,33093.2,66878.2,,110.1234903786156,2016-02-29
495,TỔNG SỐ,297729.5,297729.5,111.73375915094796,111.73375915094796,2016-01-29
496,Bán lẻ hàng hóa,226577.2,226577.2,111.99936751946483,111.99936751946483,2016-01-29
497,"Dịch vụ lưu trú, ăn uống",35056.5,35056.5,110.4654048580738,110.4654048580738,2016-01-29
498,Du lịch lữ hành,2248.8,2248.8,100.26613567346058,100.26613567346058,2016-01-29
499,Dịch vụ khác,33847,33847,112.13923509713509,112.13923509713509,2016-01-29
500,TỔNG SỐ,294748.4,3242866.2,,109.49920894116244,2015-12-29
501,Bán lẻ hàng hóa,224819.1,2469879.6,,110.55537096422813,2015-12-29
502,"Dịch vụ lưu trú, ăn uống",32953.2,372244.7,,105.23000006761953,2015-12-29
503,Du lịch lữ hành,2594.3,30414,,109.46506958700144,2015-12-29
504,Dịch vụ khác,34381.8,370327.9,,107.04688340380545,2015-12-29
505,TỔNG SỐ,282055.8,2946143.6,,109.442157704893,2015-11-30
506,Bán lẻ hàng hóa,217836.3,2245502.3,,110.66658441721944,2015-11-30
507,"Dịch vụ lưu trú, ăn uống",29717.2,337767.5,,104.62728664414259,2015-11-30
508,Du lịch lữ hành,2516.4,27780.3,,104.06089054592262,2015-11-30
509,Dịch vụ khác,31985.9,335093.5,,106.93263270632242,2015-11-30
510,TỔNG SỐ,274752.7,2661591.8999999994,,109.64647205505658,2015-10-29
511,Bán lẻ hàng hóa,211015.7,2026187.4,,110.72715064739613,2015-10-29
512,"Dịch vụ lưu trú, ăn uống",30593.6,307600.3,,105.04107340699575,2015-10-29
513,Du lịch lữ hành,2763,25263.8,,102.97294331711204,2015-10-29
514,Dịch vụ khác,30380.4,302540.4,,107.98617961204351,2015-10-29
515,TỔNG SỐ,270588.3,2374505.6,,109.80568381605724,2015-09-29
516,Bán lẻ hàng hóa,207886.8,1802935.5,,110.58000000000001,2015-09-29
517,"Dịch vụ lưu trú, ăn uống",30168.7,276890.8,,106.51697321278874,2015-09-29
518,Du lịch lữ hành,2656.2,22442,,100.46112161913719,2015-09-29
519,Dịch vụ khác,29876.6,272237.3,,109.00954934331568,2015-09-29
520,TỔNG SỐ,271680.4,2116671.2,,110.10550297111486,2015-08-28
521,Bán lẻ hàng hóa,207102.3,1608182,,110.82029631300824,2015-08-28
522,"Dịch vụ lưu trú, ăn uống",32404.1,246743,,107.00720339098268,2015-08-28
523,Du lịch lữ hành,2789.7,19626.6,,98.76403956112038,2015-08-28
524,Dịch vụ khác,29384.3,242119.6,,109.66399339514842,2015-08-28
525,TỔNG SỐ,271808.1,1845790.6,,109.90929534646206,2015-07-29
526,Nhà nước,30780.9,205275.4,,114.07371685102945,2015-07-29
527,Ngoài nhà nước,231820,1579096,,109.4750898648518,2015-07-29
528,Khu vực có vốn đầu tư nước ngoài,9207.2,61419.2,,107.75008794504173,2015-07-29
529,Bán lẻ hàng hóa,204840.9,1400751.3,,110.57244408800338,2015-07-29
530,"Dịch vụ lưu trú, ăn uống",33949.8,215916.6,,107.17434049069188,2015-07-29
531,Du lịch lữ hành,2798.7,16518.1,,94.93112121848309,2015-07-29
532,Dịch vụ khác,30218.7,212604.6,,109.76228466592468,2015-07-29
533,TỔNG SỐ,266675.7,1572148.6,,109.76456324304786,2015-06-29
534,Nhà nước,30017.4,174288.1,,112.05683069667049,2015-06-29
535,Ngoài nhà nước,227725.7,1345709.9,,109.40492427013457,2015-06-29
536,Khu vực có vốn đầu tư nước ngoài,8932.6,52150.6,,111.6014544921321,2015-06-29
537,Bán lẻ hàng hóa,200348.9,1193940.5,,110.6125618393589,2015-06-29
538,"Dịch vụ lưu trú, ăn uống",32888.3,182118,,105.88360770736938,2015-06-29
539,Du lịch lữ hành,2730.7,13694.4,,93.94818577634825,2015-06-29
540,Dịch vụ khác,30707.8,182395.7,,109.66082126091632,2015-06-29
541,TỔNG SỐ,260538.5,1304455.7,,109.05049410291248,2015-05-29
542,Nhà nước,29415.1,144042.4,,109.7272074943842,2015-05-29
543,Ngoài nhà nước,222382.1,1117263.1,,108.94003218902482,2015-05-29
544,Khu vực có vốn đầu tư nước ngoài,8741.3,43150.2,,109.67199316616288,2015-05-29
545,Bán lẻ hàng hóa,199132.2,996926.4,,110.15102465351137,2015-05-29
546,"Dịch vụ lưu trú, ăn uống",29220.6,145734.9,,102.03770218855854,2015-05-29
547,Du lịch lữ hành,2150.3,10592.1,,88.22598620643699,2015-05-29
548,Dịch vụ khác,30035.4,151202.3,,110.92541415499105,2015-05-29
549,TỔNG SỐ,255617.7,1042403.3,,108.8,2015-04-29
550,Nhà nước,28757.1,114461.1,,107.7,2015-04-29
551,Ngoài nhà nước,218272.5,893581.5,,109,2015-04-29
552,Khu vực có vốn đầu tư nước ngoài,8588.1,34360.7,,109.5,2015-04-29
553,Bán lẻ hàng hóa,196847.3,797329.5,,109.7,2015-04-29
554,"Dịch vụ lưu trú, ăn uống",26838.4,116518.2,,102.5,2015-04-29
555,Du lịch lữ hành,1977.9,8276.7,,86.9,2015-04-29
556,Dịch vụ khác,29954.1,120278.9,,111.8,2015-04-29
557,TỔNG SỐ,253490.3,790835.7999999999,,109.97480898318585,2015-03-29
558,Nhà nước,28367.2,86157.2,,101.55548547589281,2015-03-29
559,Ngoài nhà nước,216586.8,678769.5,,111.1030779458441,2015-03-29
560,Khu vực có vốn đầu tư nước ngoài,8536.3,25909.1,,111.04519525740993,2015-03-29
561,Bán lẻ hàng hóa,195850.2,604536.2,,109.9659569445234,2015-03-29
562,"Dịch vụ lưu trú, ăn uống",26298.7,89853.4,,108.84684610473856,2015-03-29
563,Du lịch lữ hành,1962.7,6337.4,,87.214755587361,2015-03-29
564,Dịch vụ khác,29378.7,90108.8,,113.28585443563139,2015-03-29
565,TỔNG SỐ,276225,542688.4,,111.36136751168179,2015-02-28
566,Nhà nước,29509,58268.3,,102.2918385428742,2015-02-28
567,Ngoài nhà nước,237886.7,466975.8,,112.6066022483857,2015-02-28
568,Khu vực có vốn đầu tư nước ngoài,8829.3,17444.3,,111.3760839177254,2015-02-28
569,Bán lẻ hàng hóa,210875.2,413177.4,,110.61197466510768,2015-02-28
570,"Dịch vụ lưu trú, ăn uống",32465.4,64200.7,,112.46653633310734,2015-02-28
571,Du lịch lữ hành,2260.7,4503.6,,100.35126342528633,2015-02-28
572,Dịch vụ khác,30623.7,60806.7,,116.46074653145186,2015-02-28
573,TỔNG SỐ,275454.2,275454.2,113,113,2015-01-29
574,Nhà nước,29729.6,29729.6,113.7,113.7,2015-01-29
575,Ngoài nhà nước,236818.9,236818.9,112.8,112.8,2015-01-29
576,Khu vực có vốn đầu tư nước ngoài,8905.7,8905.7,117.1,117.1,2015-01-29
577,Bán lẻ hàng hóa,211431.4,211431.4,113.5,113.5,2015-01-29
578,"Dịch vụ lưu trú, ăn uống",31023.5,31023.5,105.2,105.2,2015-01-29
579,Du lịch lữ hành,2238,2238,112.3,112.3,2015-01-29
580,Dịch vụ khác,30761.3,30761.3,118.5,118.5,2015-01-29
581,TỔNG SỐ,273292.2,2945253.9,,110.60305167664049,2014-12-29
582,Nhà nước,28688.5,299711.1,,109.6324715623061,2014-12-29
583,Ngoài nhà nước,235925.4,2547696,,110.48903659452915,2014-12-29
584,Khu vực có vốn đầu tư nước ngoài,8678.3,97846.8,,116.91480906947807,2014-12-29
585,Bán lẻ hàng hóa,205066.4,2216211.3,,111.26802156353848,2014-12-29
586,"Dịch vụ lưu trú, ăn uống",29986.7,352815.9,,107.40792780316188,2014-12-29
587,Du lịch lữ hành,2246.6,28942.8,,115.33754215456291,2014-12-29
588,Dịch vụ khác,35992.5,347283.9,,109.36313264244843,2014-12-29
589,TỔNG SỐ,265032.7,2670554.9,,111.09290463980044,2014-11-28
590,Nhà nước,27056.7,270891.3,,108.87887969672316,2014-11-28
591,Ngoài nhà nước,229710.8,2310541.9,,110.9750471806741,2014-11-28
592,Khu vực có vốn đầu tư nước ngoài,8265.2,89121.7,,121.99195056823,2014-11-28
593,Bán lẻ hàng hóa,196996.4,2006838.6,,111.34433908215567,2014-11-28
594,"Dịch vụ lưu trú, ăn uống",34315.7,327153.8,,112.02856076762586,2014-11-28
595,Du lịch lữ hành,2129.6,26663,,116.35517448650418,2014-11-28
596,Dịch vụ khác,31591,309899.5,,108.13735120471424,2014-11-28
597,TỔNG SỐ,251194.9,2399479.8000000003,,111.1420555407278,2014-10-29
598,Nhà nước,25995.2,243225.4,,109.38973462256622,2014-10-29
599,Ngoài nhà nước,217279.5,2075612.9,,111.03202524054,2014-10-29
600,Khu vực có vốn đầu tư nước ngoài,7920.2,80641.5,,120.00077455405757,2014-10-29
601,Bán lẻ hàng hóa,190620.1,1808534.9,,111.02627852744196,2014-10-29
602,"Dịch vụ lưu trú, ăn uống",29505,289454.5,,110.78133073081118,2014-10-29
603,Du lịch lữ hành,2397,24735.6,,116.56378116017152,2014-10-29
604,Dịch vụ khác,28672.8,276754.8,,111.82,2014-10-29
605,TỔNG SỐ,244529,2145469.9,,111.11733452952211,2014-09-29
606,Nhà nước,25203,216940,,108.39240540120747,2014-09-29
607,Ngoài nhà nước,211616.3,1855897.3,,111.07002487610282,2014-09-29
608,Khu vực có vốn đầu tư nước ngoài,7709.7,72632.6,,121.56867325030171,2014-09-29
609,Bán lẻ hàng hóa,186083,1617244.9,,110.70250605566602,2014-09-29
610,"Dịch vụ lưu trú, ăn uống",28898,259484,,111.93243091682412,2014-09-29
611,Du lịch lữ hành,2410,22283,,117.40871489541071,2014-09-29
612,Dịch vụ khác,27138,246458,,112.48,2014-09-29
613,TỔNG SỐ,242295.78188225496,1900388.0482413543,,111.40999013473984,2014-08-29
614,Nhà nước,24972.808424782383,191781.39899564846,,108.17231214302767,2014-08-29
615,Ngoài nhà nước,209683.67594509473,1643700.9409452586,,111.3635202227367,2014-08-29
616,Khu vực có vốn đầu tư nước ngoài,7639.297512377847,64905.7083004473,,123.65229263697523,2014-08-29
617,Bán lẻ hàng hóa,184173.165722415,1430990.87293087,,110.73,2014-08-29
618,"Dịch vụ lưu trú, ăn uống",28215.366459839996,229678.33091824,,111.75700949742738,2014-08-29
619,Du lịch lữ hành,2606.0642999999995,20006.1249,,119.85607115824266,2014-08-29
620,Dịch vụ khác,27301.1854,219712.6634,,114.87,2014-08-29
621,TỔNG SỐ,238730.8,1654871.3,,111.42174781255719,2014-07-29
622,Nhà nước,24703.1,166675.3,,107.75121738105611,2014-07-29
623,Ngoài nhà nước,206471.5,1431001.5,,111.34443437327248,2014-07-29
624,Khu vực có vốn đầu tư nước ngoài,7556.2,57194.5,,126.1415941307851,2014-07-29
625,Bán lẻ hàng hóa,177848,1242189.2,,110.112,2014-07-29
626,"Dịch vụ lưu trú, ăn uống",30061,202059.3,,112.79,2014-07-29
627,Du lịch lữ hành,2472.8,17049.3,,119.36,2014-07-29
628,Dịch vụ khác,28349,193573.5,,118.26,2014-07-29
629,TỔNG SỐ,248648.6,1438962.2,,110.73129495200892,2014-06-27
630,Nhà nước,25729.4,145282.7,,108.38327136083721,2014-06-27
631,Ngoài nhà nước,215049.1,1243449.3,,110.43416241740968,2014-06-27
632,Khu vực có vốn đầu tư nước ngoài,7870.1,50230.2,,127.1699726977454,2014-06-27
633,Bán lẻ hàng hóa,186972.7,1086146.2,,112.22334421236519,2014-06-27
634,"Dịch vụ lưu trú, ăn uống",29844.3,172668.9,,113.10734595868652,2014-06-27
635,Du lịch lữ hành,2533.7,14539.3,,120.48177568243044,2014-06-27
636,Dịch vụ khác,29297.9,165607.8,,122.23162324658598,2014-06-27
637,TỔNG SỐ,240272.6,1178981.9,,111.00827786029896,2014-05-29
638,Nhà nước,21495,115758.9,,108.56051219938831,2014-05-29
639,Ngoài nhà nước,210469.6,1020258.9,,110.83591960198049,2014-05-29
640,Khu vực có vốn đầu tư nước ngoài,8308,42964.1,,123.02512708718363,2014-05-29
641,Bán lẻ hàng hóa,179249.2,887210.7508745494,,108.51636070807116,2014-05-29
642,"Dịch vụ lưu trú, ăn uống",29614.4,143287.80930223013,,112.93074087958715,2014-05-29
643,Du lịch lữ hành,2569.5,12098.86952885759,,122.0647310728745,2014-05-29
644,Dịch vụ khác,28839.5,136384.43757443735,,126.64404552092212,2014-05-29
645,TỔNG SỐ,238934,939632.2,,110.4955321488301,2014-04-29
646,Nhà nước,28849.6,92812.5,,109.09476968075613,2014-04-29
647,Ngoài nhà nước,200418.2,811661.7,,110.03964567698397,2014-04-29
648,Khu vực có vốn đầu tư nước ngoài,9666.2,35158,,126.93917728289223,2014-04-29
649,Bán lẻ hàng hóa,179226.3,710566.7,,108.50307103252521,2014-04-29
650,"Dịch vụ lưu trú, ăn uống",29743.2,112293.5,,110.41999999999999,2014-04-29
651,Du lịch lữ hành,2600.2,9866.6,,125.59427203962858,2014-04-29
652,Dịch vụ khác,27364.3,106905.4,,124.38658772915471,2014-04-29
653,TỔNG SỐ,233079.6,701401.6,,110.19999999999997,2014-03-28
654,Nhà nước,23239.9,67981.7,,106.91618431434358,2014-03-28
655,Tập thể,2557.8,7589.3,,103.49844484216646,2014-03-28
656,Tư nhân,85101.9,254495.7,,113.99688022617941,2014-03-28
657,Cá thể,113738.4,345841.4,,107.42981051389373,2014-03-28
658,Khu vực có vốn đầu tư nước ngoài,8441.6,25493.5,,125.0133016809719,2014-03-28
659,Bán lẻ hàng hóa,175610.5,530148.2,,108.05181371112629,2014-03-28
660,"Dịch vụ lưu trú, ăn uống",28141.6,85225.9,,112.09788414447404,2014-03-28
661,Du lịch lữ hành,2495,6982.8,,120.33213798712256,2014-03-28
662,Dịch vụ khác,26832.5,79044.7,,123.49390319873828,2014-03-28
663,TỔNG SỐ,234308.2,474085.88891340094,,111.58627033124814,2014-02-28
664,Nhà nước,22064.8,44434.3,,106.5787655592109,2014-02-28
665,Tập thể,2485.2,5000.5,,98.36384062433879,2014-02-28
666,Tư nhân,84010.4,169895.2,,114.68644463646731,2014-02-28
667,Cá thể,117146.8,237398.9,,109.51262317312009,2014-02-28
668,Khu vực có vốn đầu tư nước ngoài,8601,17357,,131.80489035946155,2014-02-28
669,Bán lẻ hàng hóa,178758,361077.1,,109.62522331249279,2014-02-28
670,"Dịch vụ lưu trú, ăn uống",28743.8,58243,,116.91397248000895,2014-02-28
671,Du lịch lữ hành,2135.4,4128.5,,112.10354534320524,2014-02-28
672,Dịch vụ khác,24671,50637.3,,120.60351628180062,2014-02-28
673,TỔNG SỐ,237493,237493,113,113,2014-01-29
674,Nhà nước,22168,22168,104.4,104.4,2014-01-29
675,Tập thể,2374,2374,86.8,86.8,2014-01-29
676,Tư nhân,85308,85308,113.5,113.5,2014-01-29
677,Cá thể,119007,119007,113.6,113.6,2014-01-29
678,Khu vực có vốn đầu tư nước ngoài,8636,8636,138.3,138.3,2014-01-29
679,Bán lẻ hàng hóa,181317,181317,110.8,110.8,2014-01-29
680,"Dịch vụ lưu trú, ăn uống",28447,28447,117.8,117.8,2014-01-29
681,Du lịch lữ hành,2146,2146,122.1,122.1,2014-01-29
682,Dịch vụ khác,25583,25583,124.2,124.2,2014-01-29
683,TỔNG SỐ,231116.7,2617962.6,,112.60330979883273,2013-12-30
684,Nhà nước,22056.2,258630.7,,91.42650096716481,2013-12-30
685,Tập thể,2313.1,27167.6,,114.14095848889087,2013-12-30
686,Tư nhân,82658.1,925516,,111.58402921047872,2013-12-30
687,Cá thể,115513.8,1316818.2,,117.44919064849455,2013-12-30
688,Khu vực có vốn đầu tư nước ngoài,8575.5,89830.1,,132.8021445033099,2013-12-30
689,Bán lẻ hàng hóa,176048.3,2009179,,112.23565218137234,2013-12-30
690,"Dịch vụ lưu trú, ăn uống",27816.2,315831.8,,115.150823670818,2013-12-30
691,Du lịch lữ hành,2151.8,24349.9,,103.54868329828109,2013-12-30
692,Dịch vụ khác,25100.4,268601.9,,113.33054462493965,2013-12-30
693,TỔNG SỐ,226396.1,2386146.1,,112.56279651512268,2013-11-29
694,Nhà nước,22074.3,236506.2,,90.82721862054282,2013-11-29
695,Tập thể,2286.9,24847.5,,117.65221868879101,2013-11-29
696,Tư nhân,80423,842609.3,,111.96163259681009,2013-11-29
697,Cá thể,113608.3,1200953.2,,117.21357248329203,2013-11-29
698,Khu vực có vốn đầu tư nước ngoài,8003.6,81229.9,,132.83340586790317,2013-11-29
699,Bán lẻ hàng hóa,173754.5,1832593.7,,112.18138901986553,2013-11-29
700,"Dịch vụ lưu trú, ăn uống",27233.8,287931.3,,115.27765389334736,2013-11-29
701,Du lịch lữ hành,2081.4,22191.7,,101.76592627771936,2013-11-29
702,Dịch vụ khác,23326.4,243429.4,,113.40326879424867,2013-11-29
703,TỔNG SỐ,225667.9,2158574.5,,112.6,2013-10-29
704,Nhà nước,22260.7,214540.7,,92.4,2013-10-29
705,Tập thể,2258,22490.5,,116.8,2013-10-29
706,Tư nhân,78842.8,760575.8,,111.6,2013-10-29
707,Cá thể,113076.8,1086421.8,,116.9,2013-10-29
708,Khu vực có vốn đầu tư nước ngoài,9229.6,74545.7,,135.8,2013-10-29
709,Bán lẻ hàng hóa,172812,1657790.1,,112.1,2013-10-29
710,"Dịch vụ lưu trú, ăn uống",27102.8,260249.6,,114.9,2013-10-29
711,Du lịch lữ hành,2293.7,20303.8,,103.1,2013-10-29
712,Dịch vụ khác,23459.4,220231,,114.8,2013-10-29
713,TỔNG SỐ,223287.6,1932011.6,,112.49668285250355,2013-09-30
714,Nhà nước,21986.2,192192,,92.77575767477182,2013-09-30
715,Tập thể,2302.3,20223.2,,116.0378186638025,2013-09-30
716,Tư nhân,79100.5,681415.9,,111.539407175468,2013-09-30
717,Cá thể,112046,972895.8,,116.69853456625101,2013-09-30
718,Khu vực có vốn đầu tư nước ngoài,7852.6,65284.7,,135.42792660674468,2013-09-30
719,Bán lẻ hàng hóa,171600.7,1484290.2,,111.94632426653368,2013-09-30
720,"Dịch vụ lưu trú, ăn uống",26992.7,233038.6,,115.00248458125685,2013-09-30
721,Du lịch lữ hành,1864.4,18002.7,,102.36149800753005,2013-09-30
722,Dịch vụ khác,22829.8,196680.1,,114.83327411509198,2013-09-30
723,TỔNG SỐ,216396.7,1705924.6,,112.30266087938492,2013-08-29
724,Nhà nước,21342.6,169757,,93.27579280708242,2013-08-29
725,Tập thể,2145.5,17809.4,,114.17857598234305,2013-08-29
726,Tư nhân,75960.1,600271.4,,110.95777594165011,2013-08-29
727,Cá thể,108819.4,860278.7,,116.50139158917365,2013-08-29
728,Khu vực có vốn đầu tư nước ngoài,8129.1,57808.1,,137.53744753993143,2013-08-29
729,Bán lẻ hàng hóa,165654.9,1310483.3,,111.626457979691,2013-08-29
730,"Dịch vụ lưu trú, ăn uống",26471.9,205714.3,,115.02054439674625,2013-08-29
731,Du lịch lữ hành,2222.4,16512.5,,106.71665649294377,2013-08-29
732,Dịch vụ khác,22047.5,173214.5,,114.91792088179672,2013-08-29
733,TỔNG SỐ,213303,1487915,,112,2013-07-29
734,Nhà nước,20711,148258,,91.3,2013-07-29
735,Tập thể,2065,15648,,113.7,2013-07-29
736,Tư nhân,75301,523742,,110.6,2013-07-29
737,Cá thể,107863,750644,,116.8,2013-07-29
738,Khu vực có vốn đầu tư nước ngoài,7363,49623,,137.3,2013-07-29
739,Bán lẻ hàng hóa,163087,1143594,,111.4,2013-07-29
740,"Dịch vụ lưu trú, ăn uống",26285,179044,,114.7,2013-07-29
741,Du lịch lữ hành,2200,14274,,102,2013-07-29
742,Dịch vụ khác,21731,151003,,114.9,2013-07-29
743,TỔNG SỐ,212247,1275414,,111.9,2013-06-29
744,Nhà nước,21644,128387,,91.6,2013-06-29
745,Tập thể,1934,13468,,110.7,2013-06-29
746,Tư nhân,74959,448566,,110.5,2013-06-29
747,Cá thể,106474,642796,,116.8,2013-06-29
748,Khu vực có vốn đầu tư nước ngoài,7236,42197,,136.9,2013-06-29
749,Bán lẻ hàng hóa,163094,981522,,111.2,2013-06-29
750,"Dịch vụ lưu trú, ăn uống",25252,152265,,114.5,2013-06-29
751,Du lịch lữ hành,2046,11968,,102.6,2013-06-29
752,Dịch vụ khác,21855,129659,,115.4,2013-06-29
753,TỔNG SỐ,215507.4,1065887.6,,111.94451562472369,2013-05-29
754,Nhà nước,21688.1,106763.2,,89.35972891972548,2013-05-29
755,Tập thể,2284.6,11875.9,,110.66624341852135,2013-05-29
756,Tư nhân,75641.6,374027.3,,109.53634439187616,2013-05-29
757,Cá thể,108562.1,538193.4,,118.47931755964399,2013-05-29
758,Khu vực có vốn đầu tư nước ngoài,7331,35027.8,,133.51549736469843,2013-05-29
759,Bán lẻ hàng hóa,165575.6,820457.3,,111.50207967137284,2013-05-29
760,"Dịch vụ lưu trú, ăn uống",25731.9,127428.5,,116.76292121301259,2013-05-29
761,Du lịch lữ hành,2074.7,9930.6,,105.04442583806849,2013-05-29
762,Dịch vụ khác,22125.2,108071.2,,110.5627108298394,2013-05-29
763,TỔNG SỐ,213409,849890,,111.8,2013-04-29
764,Nhà nước,21719,85303,,90.8,2013-04-29
765,Tập thể,2493,9826,,112.9,2013-04-29
766,Tư nhân,75653,298901,,110,2013-04-29
767,Cá thể,106312,428235,,117.1,2013-04-29
768,Khu vực có vốn đầu tư nước ngoài,7232,27625,,135.2,2013-04-29
769,Bán lẻ hàng hóa,162589,653232,,110.6,2013-04-29
770,"Dịch vụ lưu trú, ăn uống",26508,102536,,116.3,2013-04-29
771,Du lịch lữ hành,2179,7982,,107.1,2013-04-29
772,Dịch vụ khác,22133,86140,,116.1,2013-04-29
773,TỔNG SỐ,211301,636163,,111.7,2013-03-29
774,Nhà nước,20351,62043,,90.6,2013-03-29
775,Tập thể,2464,7548,,113.1,2013-03-29
776,Tư nhân,73119,221258,,109.1,2013-03-29
777,Cá thể,108237,325015,,117.5,2013-03-29
778,Khu vực có vốn đầu tư nước ngoài,7130,20299,,134.5,2013-03-29
779,Bán lẻ hàng hóa,162407,491782,,110.8,2013-03-29
780,"Dịch vụ lưu trú, ăn uống",25626,75443,,115.4,2013-03-29
781,Du lịch lữ hành,1992,5675,,104,2013-03-29
782,Dịch vụ khác,21276,63263,,115.3,2013-03-29
783,TỔNG SỐ,210017,422223,,110.91667760105291,2013-02-28
784,Nhà nước,20366,42004,,92.26145785665908,2013-02-28
785,Tập thể,2718,5481,,119.34216087243755,2013-02-28
786,Tư nhân,75540,151344,,112.62181521972414,2013-02-28
787,Cá thể,105069,210766,,113.19674305430006,2013-02-28
788,Khu vực có vốn đầu tư nước ngoài,6324,12628,,126.6593201847458,2013-02-28
789,Bán lẻ hàng hóa,162930,328192,,110.36915093284709,2013-02-28
790,"Dịch vụ lưu trú, ăn uống",24467,48840,,113.00277802766115,2013-02-28
791,Du lịch lữ hành,1749,3523,,95.64828350684256,2013-02-28
792,Dịch vụ khác,20871,41668,,114.45745838009087,2013-02-28
793,TỔNG SỐ,209526.35033482278,209526.35033482278,108.10524893834017,108.10524893834017,2013-01-29
794,Nhà nước,22284,22284,99.6500917238954,99.6500917238954,2013-01-29
795,Tập thể,2765,2765,108.82892367939758,108.82892367939758,2013-01-29
796,Tư nhân,78169,78169,117.13680046498263,117.13680046498263,2013-01-29
797,Cá thể,99745,99745,103.40675686634799,103.40675686634799,2013-01-29
798,Khu vực có vốn đầu tư nước ngoài,6563,6563,114.70155800044819,114.70155800044819,2013-01-29
799,Bán lẻ hàng hóa,160298,160298,105.282324068662,105.282324068662,2013-01-29
800,"Dịch vụ lưu trú, ăn uống",25054,25054,116.44361102259455,116.44361102259455,2013-01-29
801,Du lịch lữ hành,1714,1714,88.61559734772571,88.61559734772571,2013-01-29
802,Dịch vụ khác,22460,22460,124.01081984871543,124.01081984871543,2013-01-29
803,TỔNG SỐ,204607,2324443,,115.9692818994658,2012-12-28
804,Nhà nước,28492,288884,,98.75665212024465,2012-12-28
805,Tập thể,1882,23002,,107.56316807139567,2012-12-28
806,Tư nhân,71647,824234,,120.84127269249284,2012-12-28
807,Cá thể,96296,1120881,,116.96490638647764,2012-12-28
808,Khu vực có vốn đầu tư nước ngoài,6290,67442,,134.69525985680434,2012-12-28
809,Bán lẻ hàng hóa,156045,1789643,,115.17009891170704,2012-12-28
810,"Dịch vụ lưu trú, ăn uống",23504,273277,,117.19456197824749,2012-12-28
811,Du lịch lữ hành,2109,23915,,128.06655727208087,2012-12-28
812,Dịch vụ khác,22949,237608,,119.64637963460402,2012-12-28
813,TỔNG SỐ,201577,2117897,,116.41806847199516,2012-11-29
814,Nhà nước,24928,262885,,99.61740862961865,2012-11-29
815,Tập thể,1832,21075,,109.52958603923429,2012-11-29
816,Tư nhân,71387,751648,,121.43063657915472,2012-11-29
817,Cá thể,96701,1020703,,117.07011038921928,2012-11-29
818,Khu vực có vốn đầu tư nước ngoài,6729,61586,,136.21102655386522,2012-11-29
819,Bán lẻ hàng hóa,154637,1632434,,115.6281661813185,2012-11-29
820,"Dịch vụ lưu trú, ăn uống",24043,250397,,118.57411758469465,2012-11-29
821,Du lịch lữ hành,2120,22510,,131.2569564226296,2012-11-29
822,Dịch vụ khác,20777,212556,,118.68165731019825,2012-11-29
823,TỔNG SỐ,200926,1917320,,117.0790908099541,2012-10-29
824,Nhà nước,25172,238207,,99.80790942180737,2012-10-29
825,Tập thể,1843,19262,,111.34640097596856,2012-10-29
826,Tư nhân,70899,680466,,122.36845062845957,2012-10-29
827,Cá thể,96771,924965,,117.80811826070227,2012-10-29
828,Khu vực có vốn đầu tư nước ngoài,6240,54419,,134.57571357048147,2012-10-29
829,Bán lẻ hàng hóa,153904.14949,1478328.6853119573,,116.20432174825604,2012-10-29
830,"Dịch vụ lưu trú, ăn uống",24074.429920000002,226594.1002330727,,119.33707708580445,2012-10-29
831,Du lịch lữ hành,2134.18003,20410.32084031421,,130.84712796372753,2012-10-29
832,Dịch vụ khác,20812.96974,191986.86121753283,,120.01311789062598,2012-10-29
833,TỔNG SỐ,195105,1713147.0231897912,,117.30934911982351,2012-09-29
834,Nhà nước,25930,213803,,100.13138783241725,2012-09-29
835,Tập thể,1858,17446,,112.44278148301538,2012-09-29
836,Tư nhân,68140,607778,,122.83999076128298,2012-09-29
837,Cá thể,93166,826105,,117.89345142662502,2012-09-29
838,Khu vực có vốn đầu tư nước ngoài,6011,48015,,133.9877570950559,2012-09-29
839,Bán lẻ hàng hóa,150036,1322556,,116.50505712402044,2012-09-29
840,"Dịch vụ lưu trú, ăn uống",23095,201827,,119.07897169891562,2012-09-29
841,Du lịch lữ hành,2212,18374,,130.94305756997775,2012-09-29
842,Dịch vụ khác,19762,170390,,120.28694076571252,2012-09-29
843,TỔNG SỐ,190322,1517721,,117.9,2012-08-29
844,Nhà nước,22675,184920,,105,2012-08-29
845,Tập thể,1609,15367,,110.8,2012-08-29
846,Tư nhân,68345,541478,,124.4,2012-08-29
847,Cá thể,92349,734486,,116.5,2012-08-29
848,Khu vực có vốn đầu tư nước ngoài,5344,41470,,132,2012-08-29
849,Bán lẻ hàng hóa,145585,1171623,,117,2012-08-29
850,"Dịch vụ lưu trú, ăn uống",23288,179299,,119.9,2012-08-29
851,Du lịch lữ hành,2347,16335,,131.3,2012-08-29
852,Dịch vụ khác,19102,150464,,121.1,2012-08-29
853,TỔNG SỐ,189186.9999999999,1327533,,118.7,2012-07-30
854,Nhà nước,23056,163070,,100,2012-07-30
855,Tập thể,1705,13862,,112.9,2012-07-30
856,Tư nhân,67224,472737,,125.2,2012-07-30
857,Cá thể,91980,641852,,119.3,2012-07-30
858,Khu vực có vốn đầu tư nước ngoài,5222,36012,,132.7,2012-07-30
859,Bán lẻ hàng hóa,145581,1027107,,118.2,2012-07-30
860,"Dịch vụ lưu trú, ăn uống",22420,155312,,119.3,2012-07-30
861,Du lịch lữ hành,2081,13738,,126.6,2012-07-30
862,Dịch vụ khác,19105,131376,,121.7,2012-07-30
863,TỔNG SỐ,188011,1137403,,119.5,2012-06-29
864,Nhà nước,22950,139928,,100.8,2012-06-29
865,Tập thể,1749,12202,,114.5,2012-06-29
866,Tư nhân,66381,404763,,126,2012-06-29
867,Cá thể,91795,549792,,120,2012-06-29
868,Khu vực có vốn đầu tư nước ngoài,5136,30718,,133.6,2012-06-29
869,Bán lẻ hàng hóa,144634,880716,,118.9,2012-06-29
870,"Dịch vụ lưu trú, ăn uống",22342,132841,,120.2,2012-06-29
871,Du lịch lữ hành,2107,11684,,126.6,2012-06-29
872,Dịch vụ khác,18928,112162,,122.3,2012-06-29
873,TỔNG SỐ,191800,952157,,120.81104592176214,2012-05-29
874,Nhà nước,22133,134163,,116.78046835159367,2012-05-29
875,Tập thể,2032,10730,,118.55835088509784,2012-05-29
876,Tư nhân,69753,332002,,124.88310524319922,2012-05-29
877,Cá thể,88657,450223,,118.68838613737803,2012-05-29
878,Khu vực có vốn đầu tư nước ngoài,9225,25039,,131.88367064398992,2012-05-29
879,Bán lẻ hàng hóa,135296,732662,,119.49552179638205,2012-05-29
880,"Dịch vụ lưu trú, ăn uống",20981,108123,,118.57772183086784,2012-05-29
881,Du lịch lữ hành,2000,9455,,123.8673753234525,2012-05-29
882,Dịch vụ khác,33523,101917,,134.2392168514094,2012-05-29
883,TỔNG SỐ,192432,762151,,121.6,2012-04-30
884,Nhà nước,22465,88496,,128.9,2012-04-30
885,Tập thể,2115,8792,,116.7,2012-04-30
886,Tư nhân,69932,272776,,126,2012-04-30
887,Cá thể,91834,368453,,116.3,2012-04-30
888,Khu vực có vốn đầu tư nước ngoài,6086,23634,,137.3,2012-04-30
889,Bán lẻ hàng hóa,149309,593370,,120,2012-04-30
890,"Dịch vụ lưu trú, ăn uống",22362,87713,,123.4,2012-04-30
891,Du lịch lữ hành,1816,7275,,113.2,2012-04-30
892,Dịch vụ khác,18945,73793,,135.1,2012-04-30
893,TỔNG SỐ,189056,569723,,121.8,2012-03-29
894,Nhà nước,22126,66033,,128.7,2012-03-29
895,Tập thể,2085,6678,,119.2,2012-03-29
896,Tư nhân,68463,202845,,125.7,2012-03-29
897,Cá thể,90425,276620,,116.9,2012-03-29
898,Khu vực có vốn đầu tư nước ngoài,5957,17547,,136.7,2012-03-29
899,Bán lẻ hàng hóa,146703,444061,,120.1,2012-03-29
900,"Dịch vụ lưu trú, ăn uống",22132,65352,,124.6,2012-03-29
901,Du lịch lữ hành,1776,5460,,114.2,2012-03-29
902,Dịch vụ khác,18445,54850,,134.3,2012-03-29
903,TỔNG SỐ,186463,380280,,122.04,2012-02-29
904,Nhà nước,21724,44086,,129.08,2012-02-29
905,Tập thể,1873,4413,,119.75,2012-02-29
906,Tư nhân,65308,132042,,122.69,2012-02-29
907,Cá thể,91941,188400,,119.52,2012-02-29
908,Khu vực có vốn đầu tư nước ngoài,5617,11339,,133.25,2012-02-29
909,Bán lẻ hàng hóa,145591,297845,,120.55,2012-02-29
910,"Dịch vụ lưu trú, ăn uống",21299,42816,,125.57,2012-02-29
911,Du lịch lữ hành,1750,3684,,117.1,2012-02-29
912,Dịch vụ khác,17823,35935,,131.72,2012-02-29
913,TỔNG SỐ,191061,191061,122,122,2012-01-30
914,Nhà nước,21690,21690,130.1,130.1,2012-01-30
915,Tập thể,2309,2309,127.72,127.72,2012-01-30
916,Tư nhân,66569,66569,121.98,121.98,2012-01-30
917,Cá thể,94876,94876,119.49,119.49,2012-01-30
918,Khu vực có vốn đầu tư nước ngoài,5617,5617,135.36,135.36,2012-01-30
919,Bán lẻ hàng hóa,149653,149653,121.23,121.23,2012-01-30
920,"Dịch vụ lưu trú, ăn uống",21991,21991,133.33,133.33,2012-01-30
921,Du lịch lữ hành,1362,1362,111.1,111.1,2012-01-30
922,Dịch vụ khác,18055,18055,116.93,116.93,2012-01-30
