,Ngành,Total-M-XK,Total-YOY-XK,YOY-XK,YTD-YOY-XK,Date,Total-M-NK,Total-YOY-NK,YOY-NK,YTD-YOY-NK,Thặng dự tháng,Thặng dự từ đầu năm,Kim ngạch xnk tháng,Kim ngạch xnk từ đầu năm
0,TỔNG TRỊ GIÁ,34010.0,93060.0,14.1910122923897,16.98316587986517,2024-03-29,31080.0,84980.0,9.705480296672263,13.883590948543386,2930.0,8080.0,65090.0,178040.0
1,Khu vực kinh tế trong nước,9539.5257126351,25209.7071306351,21.246904772759702,26.19765631871924,2024-03-29,10830.0,29696.990639,2.9127382617613904,14.39318277943154,-1290.4742873648993,-4487.283508364901,20369.5257126351,54906.697769635095
2,Khu vực có vốn đầu tư NN,24470.4742873649,67850.2928693649,11.657895991350586,13.893337016497084,2024-03-29,20250.0,55283.009361,13.719833988129352,13.611717869092187,4220.474287364901,12567.283508364904,44720.4742873649,123133.3022303649
3,TỔNG TRỊ GIÁ,24820.0,59340.0,-4.985801751581903,19.23689000925532,2024-02-29,23720.0,54620.0,1.819893111041296,17.99611955373186,1100.0,4720.0,48540.0,113960.0
4,Khu vực kinh tế trong nước,6616.241804216792,16143.175425216788,0.8787925149704279,33.32083939304184,2024-02-29,8420.0,19669.41862,5.442251380751003,27.417560498408463,-1803.758195783208,-3526.243194783212,15036.241804216792,35812.594045216785
5,Khu vực có vốn đầu tư NN,18203.758195783208,43196.82457478321,-6.951858771154335,14.708346153388844,2024-02-29,15300.0,34950.58138,-0.0693852548092621,13.282151322081075,2903.758195783208,8246.243194783208,33503.75819578321,78147.40595478321
6,TỔNG TRỊ GIÁ,33570.0,33570.0,41.98065706069429,41.98065706069429,2024-01-29,30650.0,30650.0,33.29784050947865,33.29784050947865,2920.0,2920.0,64220.0,64220.0
7,Khu vực kinh tế trong nước,9026.507464584553,9026.507464584553,62.64238444436165,62.64238444436165,2024-01-29,11150.0,11150.0,49.63304495305866,49.63304495305866,-2123.4925354154475,-2123.4925354154475,20176.507464584553,20176.507464584553
8,Khu vực có vốn đầu tư NN,24543.492535415447,24543.492535415447,35.64321011939717,35.64321011939717,2024-01-29,19500.0,19500.0,25.46600790549193,25.46600790549193,5043.4925354154475,5043.4925354154475,44043.49253541545,44043.49253541545
9,TỔNG TRỊ GIÁ,32910.0,355500.0,13.106899386124084,-4.362308886137058,2023-12-29,30630.0,327500.0,12.302817615650625,-8.920280595630842,2280.0,28000.0,63540.0,683000.0
10,Khu vực kinh tế trong nước,9437.972971426392,95552.05826242638,18.474800848930613,-0.3031021045079427,2023-12-29,10980.0,117287.30460899998,7.606073779949682,-7.221607564676873,-1542.0270285736078,-21735.246346573607,20417.972971426392,212839.36287142636
11,Khu vực có vốn đầu tư NN,23472.027028573608,259947.9417375736,11.083158526385176,-5.772541234183734,2023-12-29,19650.0,210212.695391,15.110280252307092,-9.841287140484184,3822.027028573608,49735.24634657361,43122.027028573604,470160.6371285736
12,TỔNG TRỊ GIÁ,31080.0,322500.0,6.731773968209836,-5.8721215730075045,2023-11-29,29800.0,296670.0,5.080647686541624,-10.722410116725712,1280.0,25830.0,60880.0,619170.0
13,Khu vực kinh tế trong nước,8485.774173832586,85941.04017683261,13.507624508200578,-2.202288960069893,2023-11-29,10600.0,105935.689613,4.173966604142862,-8.843301263893295,-2114.225826167414,-19994.649436167383,19085.774173832586,191876.7297898326
14,Khu vực có vốn đầu tư NN,22594.22582616741,236558.9598231674,4.391335427193098,-7.138071327599619,2023-11-29,19200.0,190734.310387,5.588005762161856,-11.73300056205268,3394.2258261674106,45824.64943616738,41794.225826167414,427293.2702101674
15,TỔNG TRỊ GIÁ,32310.0,291280.034948,5.90066922802049,-7.087494348065164,2023-10-29,29310.0,266670.0,5.226013771321391,-12.262711989205629,3000.0,24610.034947999986,61620.0,557950.034948
16,Khu vực kinh tế trong nước,8491.108946763692,77090.02292876365,15.11918829117704,-4.117340212455815,2023-10-29,10360.0,95079.87625,8.466536655681466,-10.333678286000364,-1868.891053236308,-17989.853321236355,18851.108946763692,172169.89917876365
17,Khu vực có vốn đầu tư NN,23818.891053236308,214190.01201923637,2.961456681028736,-8.111958740798116,2023-10-29,18950.0,171590.12375,3.534962056281742,-13.296292825087292,4868.891053236308,42599.88826923637,42768.89105323631,385780.13576923637
18,TỔNG TRỊ GIÁ,31410.0,259670.0,4.568723977758424,-8.240430037064357,2023-09-29,29120.0,237990.0,2.5692260797433306,-13.798954226650553,2290.0,21680.0,60530.0,497660.0
19,Khu vực kinh tế trong nước,8295.181577939486,68862.05056193948,17.887204205795754,-5.700010090494857,2023-09-29,10370.0,85123.14327999999,6.967886132480146,-11.776791778714866,-2074.8184220605144,-16261.092718060507,18665.181577939486,153985.19384193947
20,Khu vực có vốn đầu tư NN,23114.818422060514,190807.9494380605,0.4943124116950201,-9.12397101336991,2023-09-29,18750.0,152866.85672,0.288384582534789,-14.885309891080638,4364.818422060514,37941.09271806048,41864.81842206052,343674.8061580605
21,TỔNG TRỊ GIÁ,32370.0,227710.0,-7.601516978461547,-9.97893072188711,2023-08-29,28550.0,207520.0,-8.255263521250995,-16.220070491521412,3820.0,20190.0,60920.0,435230.0
22,Khu vực kinh tế trong nước,8430.563042082806,59921.75354408281,-2.4915051052571187,-9.192830900058226,2023-08-29,10250.0,73945.105433,-1.694905496715009,-14.80155447211051,-1819.4369579171944,-14023.351888917197,18680.563042082806,133866.85897708283
23,Khu vực có vốn đầu tư NN,23939.436957917194,167788.2464559172,-9.275862000700783,-10.25638033393568,2023-08-29,18300.0,133574.89456699998,-11.560999154997532,-16.985213512591997,5639.436957917194,34213.35188891721,42239.43695791719,301363.1410229172
24,TỔNG TRỊ GIÁ,29680.0,194730.0,-3.4691283202866146,-10.641048916632244,2023-07-29,27530.0,179500.0,-9.91820906813625,-17.119777746435318,2150.0,15230.0,57210.0,374230.0
25,Khu vực kinh tế trong nước,7755.883787009872,51500.74037000988,-4.156127061829679,-10.186598041669695,2023-07-29,10730.0,64083.856633,0.3598707988386564,-16.082041864150426,-2974.1162129901277,-12583.116262990123,18485.883787009872,115584.59700300988
26,Khu vực có vốn đầu tư NN,21924.116212990128,143229.25962999012,-3.2237310888183544,-10.803333082830065,2023-07-29,16800.0,115416.143367,-15.448687325631369,-17.684966054509303,5124.116212990128,27813.116262990123,38724.11621299013,258645.40299699013
27,TỔNG TRỊ GIÁ,29300.0,164450.0,-11.409183336119469,-12.13973541242838,2023-06-29,26710.0,152200.0,-16.93985183087932,-18.179296563917436,2590.0,12250.0,56010.0,316650.0
28,Khu vực kinh tế trong nước,8001.57147742818,43410.0279354282,-8.10330572027459,-11.857321672756242,2023-06-29,9410.0,53222.805586,-19.88610143187836,-18.958310077428575,-1408.4285225718204,-9812.7776505718,17411.57147742818,96632.8335214282
29,Khu vực có vốn đầu tư NN,21298.42852257182,121039.9720645718,-12.590518563549296,-12.240580459105717,2023-06-29,17300.0,98977.194414,-15.24444725370398,-17.754175143244467,3998.4285225718195,22062.777650571807,38598.42852257182,220017.1664785718
30,TỔNG TRỊ GIÁ,29050.0,136170.0,-5.859745253072532,-11.634616932432252,2023-05-29,26810.0,126370.0,-18.442550142664288,-17.866395583882678,2240.0,9800.0,55860.0,262540.0
31,Khu vực kinh tế trong nước,7785.005455717826,35190.58172971783,-5.9259896752135575,-13.20095086195498,2023-05-29,9310.0,43954.162707,-24.60836813902469,-18.494107232058425,-1524.9945442821736,-8763.580977282174,17095.005455717826,79144.74443671783
32,Khu vực có vốn đầu tư NN,21264.994544282174,100979.41827028216,-5.835470174417296,-11.075394068933718,2023-05-29,17500.0,82415.83729299999,-14.732652364043446,-17.527653725823996,3764.9945442821736,18563.580977282167,38764.99454428218,183395.25556328215
33,TỔNG TRỊ GIÁ,27540.0,108570.0,-17.146562660768836,-11.814905520800153,2023-04-29,26030.0,102220.0,-20.542031360449016,-15.357787517844386,1510.0,6350.0,53570.0,210790.0
34,Khu vực kinh tế trong nước,7117.359543732036,28583.561379732026,-19.30017864884711,-11.033484840754198,2023-04-29,9130.0,36619.691325,-19.43429046015436,-11.438730682125168,-2012.6404562679636,-8036.129945267974,16247.359543732036,65203.252704732025
35,Khu vực có vốn đầu tư NN,20422.640456267964,79986.43862026797,-16.368756711996767,-12.090831423615851,2023-04-29,16900.0,65600.30867500001,-21.127893546235413,-17.39828283023988,3522.6404562679636,14386.129945267967,37322.64045626797,145586.747295268
36,TỔNG TRỊ GIÁ,29570.0,79170.0,-14.783924358084915,-11.916556047866663,2023-03-29,28920.0,75100.0,-11.098674754317043,-14.666563752042777,650.0,4070.0,58490.0,154270.0
37,Khu vực kinh tế trong nước,7325.3046896577725,19260.383288657773,-15.993091225490389,-17.369091823126908,2023-03-29,10720.0,26030.795189,-7.75012866718609,-13.280375869238696,-3394.6953103422275,-6770.411900342227,18045.304689657773,45291.17847765777
38,Khu vực có vốn đầu tư NN,22244.695310342227,59909.61671134223,-14.378083834900153,-10.007446017520977,2023-03-29,18200.0,49069.204811,-12.959624582059192,-15.384085680089427,4044.6953103422275,10840.411900342224,40444.69531034223,108978.82152234223
39,TỔNG TRỊ GIÁ,25880.0,49440.0,10.966547516617837,-10.403385343308486,2023-02-28,23580.0,46620.0,-6.651648857832399,-15.971955446335812,2300.0,2820.0,49460.0,96060.0
40,Khu vực kinh tế trong nước,6076.543434787851,11516.433306787849,5.671233524886944,-21.06111399754718,2023-02-28,7700.0,15210.220797,-7.231791488291378,-17.320126465142167,-1623.4565652121491,-3693.787490212151,13776.54343478785,26726.65410378785
41,Khu vực có vốn đầu tư NN,19803.45656521215,37923.56669321215,12.699442782611726,-6.5728857420254485,2023-02-28,15880.0,31409.779203,-6.367725311283479,-15.303175959405806,3923.456565212149,6513.787490212155,35683.45656521215,69333.34589621215
42,TỔNG TRỊ GIÁ,25080.0,25080.0,-21.27643235066911,-21.27643235066911,2023-01-29,21480.0,21480.0,-28.92419722293469,-28.92419722293469,3600.0,3600.0,46560.0,46560.0
43,Khu vực kinh tế trong nước,6441.430272982321,6441.430272982321,-27.12181596863043,-27.12181596863043,2023-01-29,7480.0,7480.0,-25.91319165962902,-25.91319165962902,-1038.5697270176788,-1038.5697270176788,13921.430272982321,13921.430272982321
44,Khu vực có vốn đầu tư NN,18638.56972701768,18638.56972701768,-19.03204201763195,-19.03204201763195,2023-01-29,14000.0,14000.0,-30.434752317999227,-30.434752317999227,4638.569727017679,4638.569727017679,32638.56972701768,32638.56972701768
45,TỔNG TRỊ GIÁ,29660.0,371850.0,-13.96004279434041,10.614717543827965,2022-12-29,29160.0,360650.0,-8.143247694155733,8.354531798887322,500.0,11200.0,58820.0,732500.0
46,Khu vực kinh tế trong nước,7625.71433303917,95087.58945103917,-22.418094964628978,6.492934517906136,2022-12-29,10360.0,125789.95792,-2.234699284902902,9.99243223123591,-2734.28566696083,-30702.368468960834,17985.71433303917,220877.54737103917
47,Khu vực có vốn đầu tư NN,22034.28566696083,276762.41054896085,-10.586432609672542,12.10547812408737,2022-12-29,18800.0,234860.04208,-11.103855563317907,7.497180905862038,3234.28566696083,41902.368468960834,40834.28566696083,511622.45262896083
48,TỔNG TRỊ GIÁ,29180.0,342210.0,-8.401877050269519,13.42931946876351,2022-11-29,28400.0,331610.0,-7.2673785458952835,10.133767316017456,780.0,10600.0,57580.0,673820.0
49,Khu vực kinh tế trong nước,7383.310785639383,87457.6830726394,-14.20895808236233,10.06393222490685,2022-11-29,10161.152757309494,115422.7367493095,-0.1791649059576343,11.23413920028969,-2777.841971670111,-27965.053676670097,17544.463542948877,202880.4198219489
50,Khu vực có vốn đầu tư NN,21796.689214360616,254752.3169273606,-6.252380207229578,14.632631074544022,2022-11-29,18238.847242690503,216187.2632506905,-10.79631618606713,9.555144669608891,3557.8419716701137,38565.0536766701,40035.536457051116,470939.58017805114
51,TỔNG TRỊ GIÁ,30270.0,312820.0,4.544201832789867,15.928844070893476,2022-10-29,28000.0,303420.0,7.075175065371056,12.181751647537284,2270.0,9400.0,58270.0,616240.0
52,Khu vực kinh tế trong nước,7554.048268323724,80360.17622132375,-4.909429008072536,13.415535587712398,2022-10-29,9500.0,105276.040775,6.202664687706601,12.491014556628995,-1945.9517316762758,-24915.86455367625,17054.048268323724,185636.21699632375
53,Khu vực có vốn đầu tư NN,22715.95173167628,232459.82377867625,8.118663729700515,16.823791495036872,2022-10-29,18500.0,198143.959225,7.5288156766476675,12.018127642269306,4215.951731676279,34315.86455367625,41215.95173167628,430603.7830036762
54,TỔNG TRỊ GIÁ,29940.0,282520.0,10.347532330730132,17.284825910492742,2022-09-29,28800.0,276000.0,6.449813615577995,12.96570179110232,1140.0,6520.0,58740.0,558520.0
55,Khu vực kinh tế trong nước,7570.490165429535,73224.57948942954,7.3903524530332305,16.39467945233028,2022-09-29,9800.0,96112.173307,14.225438008284726,13.552716847659042,-2229.5098345704646,-22887.593817570465,17370.490165429535,169336.75279642956
56,Khu vực có vốn đầu tư NN,22369.509834570465,209295.4205105705,11.3855599251593,17.5994781989602,2022-09-29,19000.0,179887.826693,2.839018556761701,12.654546594883143,3369.5098345704646,29407.59381757048,41369.50983457046,389183.2472035705
57,TỔNG TRỊ GIÁ,33380.0,250800.0,22.135527161265745,17.332665821622072,2022-08-29,30960.0,246840.0,12.416246705902909,13.611393074039512,2420.0,3960.0,64340.0,497640.0
58,Khu vực kinh tế trong nước,9036.26347202976,66137.33655902976,26.53799331644325,18.39608691484136,2022-08-29,9960.0,85580.422219,10.438592505356254,12.514783767502252,-923.7365279702408,-19443.08565997024,18996.263472029757,151717.75877802976
59,Khu vực có vốn đầu tư NN,24343.73652797024,184662.66344097024,20.57832153806933,16.956430441818497,2022-08-29,21000.0,161259.577781,13.379194860599952,14.202090799812254,3343.736527970239,23403.08565997024,45343.736527970235,345922.24122197024
60,TỔNG TRỊ GIÁ,30323.0,216354.806564,8.87119450823188,16.057149324375303,2022-07-29,30302.0,215590.97728,3.4205169558629365,13.632542803454813,21.0,763.8292840000067,60625.0,431945.78384399996
61,Khu vực kinh tế trong nước,7934.706046282197,56990.83998928219,3.670616690391043,16.976424646958918,2022-07-29,10702.0,76063.60994899999,2.513380042627361,13.455123165374829,-2767.2939537178027,-19072.7699597178,18636.706046282197,133054.4499382822
62,Khu vực có vốn đầu tư NN,22388.293953717803,159363.9665747178,10.841844534241616,15.731900846858338,2022-07-29,19600.0,139527.367331,3.9226413702680816,13.729497361337735,2788.2939537178027,19836.59924371782,41988.2939537178,298891.3339057178
63,TỔNG TRỊ GIÁ,32646.0,185935.427381,19.97498876712484,17.258562530814302,2022-06-29,32370.25207061705,185225.80189461703,16.319692074444617,15.458254054470784,275.7479293829492,709.6254863829527,65016.25207061705,371161.22927561705
64,Khu vực kinh tế trong nước,8826.5497865049,49259.03287450489,14.043679333046953,19.950391451171228,2022-06-29,11800.252070617054,65232.164442617046,17.110928494538854,15.244471605690409,-2973.7022841121543,-15973.131568112156,20626.801857121955,114491.19731712193
65,Khu vực có vốn đầu tư NN,23819.4502134951,136676.3945064951,22.33264770052989,16.317790716947727,2022-06-29,20570.0,119993.637452,15.870596185492843,15.574805775011283,3249.4502134951,16682.7570544951,44389.4502134951,256670.0319584951
66,TỔNG TRỊ GIÁ,30480.0,152807.0,16.382608611622416,16.328596677201162,2022-05-29,32210.0,152291.0,12.851810395730794,14.851701077724286,-1730.0,516.0,62690.0,305098.0
67,Khu vực kinh tế trong nước,8245.360556210922,40244.95456621092,14.52219824129824,20.759442139600168,2022-05-29,12027.644244675008,53359.61800067502,15.3544664977084,14.684882200366673,-3782.2836884640856,-13114.663434464099,20273.00480088593,93604.57256688594
68,Khu vực có vốn đầu tư NN,22234.63944378908,112562.04543378908,17.087968741819793,14.822297624054556,2022-05-29,20182.355755324992,98931.38199932498,11.411338237439963,14.941878111617044,2052.283688464089,13630.663434464106,42416.99519911407,211493.42743311406
69,TỔNG TRỊ GIÁ,33258.0,122361.858107,24.981839818872945,16.448359218810367,2022-04-29,32189.0,119833.0,15.454951061926964,15.696479639573369,1069.0,2528.8581069999927,65447.0,242194.858107
70,Khu vực kinh tế trong nước,8492.504729815319,31773.671974815312,20.510642263566154,21.63516364108547,2022-04-29,11019.0,40975.0,10.378655387270667,14.267371427022638,-2526.4952701846814,-9201.328025184688,19511.50472981532,72748.67197481531
71,Khu vực có vốn đầu tư NN,24765.49527018468,90588.18613218468,26.592467290270648,14.73233892416117,2022-04-29,21170.0,78858.0,18.281196430895903,16.423673570029365,3595.4952701846814,11730.18613218468,45935.49527018468,169446.1861321847
72,TỔNG TRỊ GIÁ,34061.0,88578.84466100001,14.844184617428198,12.885381754887716,2022-03-29,32672.0,87770.0,14.637093027764196,15.92536737480404,1389.0,808.8446610000101,66733.0,176348.844661
73,Khu vực kinh tế trong nước,8675.594647538768,23265.53618353877,14.69927940230788,21.96866305593765,2022-03-29,11072.0,29427.392788,7.814069047021093,13.719264310005071,-2396.405352461232,-6161.856604461231,19747.59464753877,52692.92897153877
74,Khu vực có vốn đầu tư NN,25385.40535246123,65313.30847746124,14.89379071172496,9.968137766872715,2022-03-29,21600.0,58343.369715,18.480539248486693,17.07242792687144,3785.405352461232,6969.938762461243,46985.40535246123,123656.67819246124
75,TỔNG TRỊ GIÁ,22947.02861693709,53791.640376937095,13.217296938692982,10.20730751935423,2022-02-28,25279.397077407903,54728.0,21.855784154687427,15.920463362524243,-2332.368460470814,-936.3596230629046,48226.42569434499,108519.6403769371
76,Khu vực kinh tế trong nước,5648.667746388077,14286.066512388084,20.32690249815259,24.10539924157132,2022-02-28,8279.397077407906,18249.0,22.798528705683797,16.92331088650478,-2630.7293310198293,-3962.9334876119156,13928.064823795983,32535.066512388083
77,Khu vực có vốn đầu tư NN,17298.360870549015,39505.57386454901,11.074223116005784,5.9179869177932005,2022-02-28,17000.0,36479.0,21.401867596284973,15.425212023139023,298.3608705490151,3026.573864549013,34298.36087054902,75984.57386454902
78,TỔNG TRỊ GIÁ,29000.0,29000.0,1.6068796782690526,1.6068796782690526,2022-01-29,29500.0,29500.0,11.460432249337842,11.460432249337842,-500.0,-500.0,58500.0,58500.0
79,Khu vực kinh tế trong nước,8187.441872672458,8187.441872672458,20.10678194193079,20.10678194193079,2022-01-29,10000.0,10000.0,12.797623058010956,12.797623058010956,-1812.558127327542,-1812.558127327542,18187.441872672458,18187.441872672458
80,Khu vực có vốn đầu tư NN,20812.558127327546,20812.558127327546,-4.198075898413279,-4.198075898413279,2022-01-29,19500.0,19500.0,10.786917204899352,10.786917204899352,1312.5581273275457,1312.5581273275457,40312.558127327546,40312.558127327546
81,TỔNG TRỊ GIÁ,34517.148781,336250.0,24.82227100767589,18.972247299651883,2021-12-29,31975.201658000005,332250.0,14.588044336997498,26.47954739196001,2541.947122999998,4000.0,66492.350439,668500.0
82,Khu vực kinh tế trong nước,9216.0,88708.62201023621,29.57253634223099,13.442670165327158,2021-12-29,10875.201658000004,114066.673418,10.25799288478619,21.76624665295617,-1659.2016580000036,-25358.051407763793,20091.201658000005,202775.29542823622
83,Khu vực có vốn đầu tư NN,25300.579525763795,247541.3779897638,23.17723958682893,21.0873540856459,2021-12-29,21100.0,218183.326582,16.95536999515707,29.09191624240228,4200.579525763795,29358.051407763793,46400.579525763795,465724.7045717638
84,TỔNG TRỊ GIÁ,29900.0,299670.085683,18.533185926827045,17.52878746687057,2021-11-29,29800.0,299445.29259,20.81279496832073,27.539557149828696,100.0,224.79309299995657,59700.0,599115.378273
85,Khu vực kinh tế trong nước,8160.153872734194,78985.64268073419,30.04284626736492,11.11620989890541,2021-11-29,10200.0,103306.18198800004,20.67309551723335,23.257437407077774,-2039.846127265806,-24320.539307265848,18360.153872734194,182291.82466873422
86,Khu vực có vốn đầu tư NN,21739.84612726581,220684.4430022658,14.72196180634377,20.0075808632225,2021-11-29,19600.0,196139.110602,20.88562374286317,29.916797477793864,2139.8461272658096,24545.33240026579,41339.84612726581,416823.5536042658
87,TỔNG TRỊ GIÁ,27300.0,267932.103996,0.3298376709709032,16.61852280359291,2021-10-29,26200.0,269383.234442,8.089827524742205,28.2045024049192,1100.0,-1451.1304459999665,53500.0,537315.3384380001
88,Khu vực kinh tế trong nước,6886.757363871067,69772.44594087108,-1.8892076041703236,7.658835656351812,2021-10-29,8600.0,92500.944367,2.323013010246754,22.74418109987934,-1713.2426361289326,-22728.49842612892,15486.757363871067,162273.3903078711
89,Khu vực có vốn đầu tư NN,20413.242636128933,198159.6580551289,1.10128958245528,20.138952797576263,2021-10-29,17600.0,176882.290075,11.15081170401666,31.25805255310351,2813.2426361289326,21277.36798012891,38013.24263612893,375041.9481301289
90,TỔNG TRỊ GIÁ,27000.0,240524.35918,-0.6167808711261245,18.753623693350207,2021-09-29,26500.0,242654.886143,9.515490752715069,30.543241220849158,500.0,-2130.526963000011,53500.0,483179.245323
91,Khu vực kinh tế trong nước,6867.732900136798,62722.17739813679,-7.303035142596784,8.535640813349872,2021-09-29,8350.0,83722.231914,3.259972141025912,25.040669768062457,-1482.267099863202,-21000.054515863216,15217.732900136798,146444.4093121368
92,Khu vực có vốn đầu tư NN,20132.2670998632,177802.1817818632,1.8903152943048556,22.832981796183887,2021-09-29,18150.0,158932.654229,12.65522211650017,33.64124960277343,1982.2670998631984,18869.527552863205,38282.267099863195,336734.8360108632
93,TỔNG TRỊ GIÁ,26200.0,212554.381387,-5.413934809699299,21.201256602536404,2021-08-29,27500.0,216264.773424,21.162525202271155,33.75821342634279,-1300.0,-3710.3920370000124,53700.0,428819.154811
94,Khu vực kinh tế trong nước,6936.543547651618,55691.0,-13.875275000590534,10.541476954141956,2021-08-29,9650.0,76053.0,24.118663435954304,29.187924932426256,-2713.4564523483823,-20362.0,16586.543547651618,131744.0
95,Khu vực có vốn đầu tư NN,19263.456452348382,156862.83894134837,-1.9450512106720623,25.497892707369687,2021-08-29,17850.0,140212.33964299998,19.6222836686502,36.37509235914058,1413.4564523483823,16650.499298348383,37113.456452348386,297075.17858434835
96,TỔNG TRỊ GIÁ,27000.0,185335.242372,8.395976298434988,25.503433849409674,2021-07-29,28700.0,188027.939435,29.946785354738157,35.284967040832555,-1700.0,-2692.6970629999996,55700.0,373363.181807
97,Khu vực kinh tế trong nước,7490.034731722146,48521.48325272213,2.177506847696293,14.63588974650176,2021-07-29,10300.0,66311.08189900001,26.29019205087198,29.78049793189368,-2809.965268277854,-17789.598646277882,17790.034731722146,114832.56515172214
98,Khu vực có vốn đầu tư NN,19509.96526827785,136813.75911927788,10.989177241161173,29.86983243806631,2021-07-29,18400.0,121716.857536,32.08764719935701,38.48492207839578,1109.9652682778506,15096.901583277882,37909.965268277854,258530.61665527787
99,TỔNG TRỊ GIÁ,26500.0,157629.990076,17.279971211971443,28.399322149795267,2021-06-29,27500.0,159103.302166,33.48474218665322,36.10134568986982,-1000.0,-1473.3120900000213,54000.0,316733.292242
100,Khu vực kinh tế trong nước,7583.0,40888.31396999999,14.20854235089928,16.836462091384917,2021-06-29,9900.0,55898.29576200001,27.36461072504808,30.18077972428418,-2317.0,-15009.98179200002,17483.0,96786.609732
101,Khu vực có vốn đầu tư NN,18917.0,116741.676106,18.558062152461236,33.00977636497652,2021-06-29,17600.0,103205.006404,37.19296961530506,39.53857447276965,1317.0,13536.669702,36517.0,219946.68251
102,TỔNG TRỊ GIÁ,26000.0,130941.0,35.62774036097181,30.72022221685549,2021-05-29,28000.0,131310.13841299998,56.36130658138672,36.35669468443447,-2000.0,-369.13841299997875,54000.0,262251.138413
103,Khu vực kinh tế trong nước,6956.110792207463,33055.0,18.771927700534505,16.571155675000753,2021-05-29,10100.0,45799.585159,41.14428905242824,30.238190445715304,-3143.8892077925366,-12744.585159000002,17056.110792207463,78854.58515900001
104,Khu vực có vốn đầu tư NN,19043.889207792537,97885.88887079254,43.04276559046582,36.307246627041934,2021-05-29,17900.0,85510.553254,66.489237675413,39.87629094431276,1143.8892077925375,12375.335616792538,36943.88920779254,183396.44212479255
105,TỔNG TRỊ GIÁ,25500.0,103901.0,44.900000000000006,28.30000000000001,2021-04-29,27000.0,102607.0,43.5,30.80000000000001,-1500.0,1294.0,52500.0,206508.0
106,Khu vực kinh tế trong nước,6698.0,25765.0,23.8,12.799999999999995,2021-04-29,9800.0,35684.0,36.30000000000001,24.8,-3102.0,-9919.0,16498.0,61449.0
107,Khu vực có vốn đầu tư NN,18802.0,78136.0,54.19999999999999,34.400000000000006,2021-04-29,17200.0,66923.0,47.900000000000006,34.19999999999999,1602.0,11213.0,36002.0,145059.0
108,TỔNG TRỊ GIÁ,28600.0,77343.55829,19.150098418527065,22.00821357983864,2021-03-29,28200.0,75307.985815,27.68194945521969,26.290121345731837,400.0,2035.5724750000081,56800.0,152651.54410499998
109,Khu vực kinh tế trong nước,6791.4000000000015,18299.650034,5.279544846165635,4.941917409047974,2021-03-29,9450.0,25049.898846,19.001739409639228,17.024227615267435,-2658.5999999999985,-6750.248812000002,16241.400000000001,43349.54888
110,Khu vực có vốn đầu tư NN,21808.6,59043.908256,24.247746363465225,28.484227732663385,2021-03-29,18750.0,50258.086969,32.555030980563544,31.478930746086405,3058.5999999999985,8785.821286999999,40558.6,109301.995225
111,TỔNG TRỊ GIÁ,20000.0,48545.770525,-4.7038750442781065,23.247793932026667,2021-02-28,20800.0,47259.403719,10.511085728242506,25.87466289389762,-800.0,1286.3668059999982,40800.0,95805.174244
112,Khu vực kinh tế trong nước,4647.0,11475.74635,-15.1409000805467,4.447850369314182,2021-02-28,6750.0,15618.921392,3.5510515741525808,15.99958591140384,-2103.0,-4143.175042000001,11397.0,27094.667741999998
113,Khu vực có vốn đầu tư NN,15352.5,37070.024175,-1.0185798813815268,30.52046105012945,2021-02-28,14050.0,31640.482327,14.198699813648672,31.39639649319389,1302.5,5429.541847999997,29402.5,68710.506502
114,TỔNG TRỊ GIÁ,27700.0,27700.0,50.53086400353476,50.53086400353476,2021-01-29,26400.0,26400.0,41.00176875582969,41.00176875582969,1300.0,1300.0,54100.0,54100.0
115,Khu vực kinh tế trong nước,7565.0,7565.0,37.28753153638647,37.28753153638647,2021-01-29,9400.0,9400.0,35.32751188957678,35.32751188957678,-1835.0,-1835.0,16965.0,16965.0
116,Khu vực có vốn đầu tư NN,20135.0,20135.0,56.19171167103423,56.19171167103423,2021-01-29,17000.0,17000.0,44.348446860885616,44.348446860885616,3135.0,3135.0,37135.0,37135.0
117,TỔNG TRỊ GIÁ,26500.0,281471.0,17.599999999999994,6.5,2020-12-27,27500.0,262407.0,22.700000000000003,3.5999999999999943,-1000.0,19064.0,54000.0,543878.0
118,Khu vực kinh tế trong nước,7094.0,78155.0,-0.0999999999999943,-1.0999999999999943,2020-12-27,9750.0,93636.0,2.700000000000003,-10.0,-2656.0,-15481.0,16844.0,171791.0
119,Khu vực có vốn đầu tư NN,19406.0,203316.0,25.8,9.700000000000005,2020-12-27,17750.0,168771.0,37.400000000000006,13.0,1656.0,34545.0,37156.0,372087.0
120,TỔNG TRỊ GIÁ,24800.0,254594.0,8.799999999999997,5.299999999999997,2020-11-29,24200.0,234499.0,13.400000000000006,1.5,600.0,20095.0,49000.0,489093.0
121,Khu vực kinh tế trong nước,7005.299999999999,73010.06235599998,8.20537083744388,1.5593980754213843,2020-11-29,8600.0,85429.0,2.0,-9.599999999999994,-1594.7000000000007,-12418.93764400002,15605.3,158439.06235599998
122,Khu vực có vốn đầu tư NN,17795.0,181584.0,9.0,6.900000000000006,2020-11-29,15600.0,149070.0,20.8,9.200000000000005,2195.0,32514.0,33395.0,330654.0
123,TỔNG TRỊ GIÁ,26700.0,229271.945303,9.91499423404258,4.718677735026034,2020-10-29,24500.0,210549.56741,10.05072952465322,0.4351005823893104,2200.0,18722.377892999997,51200.0,439821.51271299995
124,TỔNG TRỊ GIÁ,27500.0,202858.155253,18.020903346628003,4.217235882964005,2020-09-29,24000.0,185867.348537,11.630578519748994,-0.8046030960553026,3500.0,16990.806715999992,51500.0,388725.50379
125,Khu vực kinh tế trong nước,10290.0,71829.444152,46.310534098082,20.174154952449,2020-09-29,10600.0,82343.981667,22.455408439481005,4.683889574481995,-310.0,-10514.537515000004,20890.0,154173.425819
126,Khu vực có vốn đầu tư NN,17210.0,131028.711101,5.790699987105,-2.854054648005402,2020-09-29,13400.0,103523.36687,4.334772938872007,-4.775735258517301,3810.0,27505.344230999995,30610.0,234552.077971
127,TỔNG TRỊ GIÁ,26500.0,174107.315888,2.4919519626707825,1.6101344387954128,2020-08-29,23000.0,162213.0,2.799999999999997,-2.200000000000003,3500.0,11894.315888000012,49500.0,336320.315888
128,Khu vực kinh tế trong nước,9500.0,60800.0,18.317064373312647,15.28780915872956,2020-08-29,10300.0,72053.0,13.5,2.9000000000000057,-800.0,-11253.0,19800.0,132853.0
129,Khu vực có vốn đầu tư NN,17000.0,113306.671539,-4.635905269622569,-4.47142405785965,2020-08-29,12700.0,90160.0,-4.400000000000006,-6.0,4300.0,23146.671539000003,29700.0,203466.671539
130,TỔNG TRỊ GIÁ,23000.0,145788.53353299998,0.3056203923284215,0.2030450740499532,2020-07-29,22000.0,139326.94747100002,-2.9449086541891774,-2.916543139136266,1000.0,6461.5860619999585,45000.0,285115.481004
131,Khu vực kinh tế trong nước,8491.097161278165,50757.0,10.63763437851044,13.526681163877656,2020-07-29,10200.0,61862.617935,8.17750700002226,1.5308233142660157,-1708.902838721835,-11105.617935000002,18691.097161278165,112619.617935
132,Khu vực có vốn đầu tư NN,14508.902838721837,95032.04236072184,-4.8922704660771785,-5.7074483335351545,2020-07-29,11800.0,77464.329536,-10.866648125323067,-6.197831622385053,2708.902838721837,17567.712824721835,26308.902838721835,172496.37189672183
133,TỔNG TRỊ GIÁ,21000.0,121212.0,-2.0366561049242904,-1.10204586620452,2020-06-29,20500.0,117174.209929,5.330837882529664,-3.037613749932774,500.0,4037.790070999996,41500.0,238386.209929
134,Khu vực kinh tế trong nước,7383.1,41384.9,7.286935784337146,11.747926543053836,2020-06-29,9500.0,51554.580134,16.46416475344394,0.1041501108084475,-2116.8999999999996,-10169.680134000002,16883.1,92939.48013400001
135,Khu vực có vốn đầu tư NN,13616.9,79827.0,-6.4448880673508455,-6.666100093911737,2020-06-29,11000.0,65619.0,-2.701973940965644,-5.370960944559883,2616.8999999999996,14208.0,24616.9,145446.0
136,TỔNG TRỊ GIÁ,18500.0,99361.202799,-15.48130966563052,-1.7457354957272315,2020-05-29,19400.0,97481.296027,-15.935117316801623,-3.848032174766957,-900.0,1879.906772000002,37900.0,196842.49882600002
137,Khu vực kinh tế trong nước,6590.0,33301.735874000005,0.5250425719283953,10.444233989448264,2020-05-29,8800.0,41942.179983,-12.678197848483537,-3.2340087190172118,-2210.0,-8640.444108999996,15390.0,75243.91585700001
138,Khu vực có vốn đầu tư NN,11910.0,66059.466925,-22.324749012143613,-6.924506704563228,2020-05-29,10600.0,55539.116044,-18.45994721995308,-4.3065922799608245,1310.0,10520.350880999998,22510.0,121598.58296900001
139,TỔNG TRỊ GIÁ,19700.0,82934.53151100001,-3.487409396053493,4.690490568811256,2020-04-29,20400.0,79894.29973500001,-2.338042495996291,2.12049960590997,-700.0,3040.2317760000005,40100.0,162828.83124600002
140,Khu vực kinh tế trong nước,6346.1433449882825,26445.80254498829,-1.393506090309856,12.096950592738564,2020-04-29,8900.0,33577.860238,-4.404235238628942,1.1172231159117416,-2553.8566550117175,-7132.0576930117095,15246.143344988282,60023.66278298829
141,Khu vực có vốn đầu tư NN,13353.856655011718,56488.72896601172,-4.45163252361877,1.549338714097999,2020-04-29,11500.0,46316.439497,-0.6766365356711646,2.860379926136588,1853.8566550117175,10172.289469011717,24853.856655011718,102805.16846301171
142,TỔNG TRỊ GIÁ,20000.0,59079.424374,-12.08742855331198,0.463358501408706,2020-03-27,19000.0,56264.054286,-10.066684952447886,-1.8883075983786028,1000.0,2815.3700880000033,39000.0,115343.47866
143,Khu vực kinh tế trong nước,6159.0,18650.49903,-3.659854117236776,8.710758133790392,2020-03-27,7700.0,23081.23847,-13.967890575682247,-3.4129679600969496,-1541.0,-4430.739440000001,13859.0,41731.7375
144,Khu vực có vốn đầu tư NN,13841.0,40428.925344,-15.38128347509526,-2.933762148398017,2020-03-27,11300.0,33182.815816,-7.199192340084153,-0.7990870416989821,2541.0,7246.109528000001,25141.0,73611.74116
145,TỔNG TRỊ GIÁ,18600.0,36923.405484,34.04046556781665,2.402699635462625,2020-02-29,18500.0,37099.793333,26.03560315291364,2.428528379060751,100.0,-176.38784899999882,37100.0,74023.198817
146,Khu vực kinh tế trong nước,5087.0,11411.0,39.74544801015156,6.026694541140444,2020-02-29,7450.0,15350.101222,29.73525346853441,2.699049102748475,-2363.0,-3939.1012219999993,12537.0,26761.101221999998
147,Khu vực có vốn đầu tư NN,13513.0,25511.644884,32.01166705377878,0.8606151766809944,2020-02-29,11050.0,21749.692111,23.658110016691424,2.2384614518253727,2463.0,3761.952773000001,24563.0,47261.336995000005
148,TỔNG TRỊ GIÁ,19000.0,19000.0,-14.33977427254544,-14.33977427254544,2020-01-29,19100.0,19100.0,-11.335105735873398,-11.335105735873398,-100.0,-100.0,38100.0,38100.0
149,Khu vực kinh tế trong nước,6313.0,6313.0,-11.370508805459195,-11.370508805459195,2020-01-29,8700.0,8700.0,-5.478129947885151,-5.478129947885151,-2387.0,-2387.0,15013.0,15013.0
150,Khu vực có vốn đầu tư NN,12687.0,12687.0,-15.74435475594784,-15.74435475594784,2020-01-29,10400.0,10400.0,-15.704597503454622,-15.704597503454622,2287.0,2287.0,23087.0,23087.0
151,TỔNG TRỊ GIÁ,21800.0,263451.214068,10.149097926070198,8.105911604004689,2019-12-27,22800.0,253508.012633,10.983691351646357,7.024628392824354,-1000.0,9943.201434999966,44600.0,516959.226701
152,Khu vực kinh tế trong nước,7320.0,82099.24809999997,13.287564159698078,17.732628423857236,2019-12-27,10150.0,108013.34496,16.92433364052461,13.782245951589587,-2830.0,-25914.096860000034,17470.0,190112.59305999998
153,Khu vực có vốn đầu tư NN,14480.0,181351.965968,8.6277846219363,4.247025670130711,2019-12-27,12650.0,145494.667673,6.636489026950287,2.5050820513412617,1830.0,35857.298295000015,27130.0,326846.633641
154,TỔNG TRỊ GIÁ,22600.0,241422.907181,3.7745793768129934,7.822698525304006,2019-11-29,22500.0,232308.120973,4.522235638813996,7.388328755347999,100.0,9114.786207999976,45100.0,473731.028154
155,Khu vực kinh tế trong nước,7446.0,74724.106642,25.829660362420995,18.099414079364,2019-11-29,9700.0,98205.31892,14.708451819827005,13.862495784665,-2254.0,-23481.212278000006,17146.0,172929.42556200002
156,Khu vực có vốn đầu tư NN,15154.0,166698.800539,-4.454157504097097,3.774825675374004,2019-11-29,12800.0,134102.802053,-2.068041455974594,3.0955331805849937,2354.0,32595.998485999997,27954.0,300801.602592
157,TỔNG TRỊ GIÁ,22400.0,217053.302068,-0.7915939038058184,7.383372478474996,2019-10-29,22500.0,210004.042939,3.4732215098130155,7.805627095961427,-100.0,7049.259128999984,44900.0,427057.345007
158,Khu vực kinh tế trong nước,6880.0,66626.87660899997,11.698421973059055,16.166408540111846,2019-10-29,9250.0,87901.150036,8.615447744904813,12.993900537829006,-2370.0,-21274.273427000036,16130.0,154528.02664499998
159,Khu vực có vốn đầu tư NN,15520.0,150426.42545900002,-5.4770301463067455,3.903839025736161,2019-10-29,13250.0,122102.892903,0.1627365525206556,4.356140446225055,2270.0,28323.53255600002,28770.0,272529.31836200005
160,TỔNG TRỊ GIÁ,23000.0,194295.871029,8.989384008133428,8.212296843299555,2019-09-28,22500.0,188423.321177,15.63270322648998,8.881215675471978,500.0,5872.5498519999965,45500.0,382719.192206
161,Khu vực kinh tế trong nước,6880.0,59571.32506,24.44293986177432,16.361058488687362,2019-09-28,9000.0,78974.28203999998,20.780464471349205,13.998589047963762,-2120.0,-19402.956979999974,15880.0,138545.60709999996
162,Khu vực có vốn đầu tư NN,16120.0,134724.545969,3.5036202029438077,4.96211938064333,2019-09-28,13500.0,109449.039137,12.437906775022142,5.465118570559298,2620.0,25275.506832,29620.0,244173.585106
163,TỔNG TRỊ GIÁ,24500.0,169981.936074,4.505673785997402,7.279545041463749,2019-08-29,22800.0,166578.761576,7.524907129262772,8.452639617303134,1700.0,3403.1744980000076,47300.0,336560.69765
164,Khu vực kinh tế trong nước,7337.0,52035.689033,13.9768329185668,13.946922240432327,2019-08-29,9300.0,70429.54431099999,19.0901458765059,13.917567411203152,-1963.0,-18393.855277999988,16637.0,122465.233344
165,Khu vực có vốn đầu tư NN,17163.0,117946.247041,0.9206510945639224,4.57983233431743,2019-08-29,13500.0,96149.217265,0.7825275100453268,4.770978171168935,3663.0,21797.029775999996,30663.0,214095.46430599998
166,TỔNG TRỊ GIÁ,22600.0,145133.241611,9.267736979999228,7.502948625595437,2019-07-29,22400.0,143344.147491,5.016671906980605,8.27294971646937,200.0,1789.0941199999943,45000.0,288477.38910200004
167,Khu vực kinh tế trong nước,6994.0,43995.909427000006,16.39280909821734,12.150549408296117,2019-07-29,9300.0,60830.739749,14.77369373833099,12.616573693411553,-2306.0,-16834.830321999994,16294.0,104826.649176
168,Khu vực có vốn đầu tư NN,15606.0,101137.332184,6.350075232537961,5.599289381339844,2019-07-29,13100.0,82513.407742,-0.9604904407723752,5.27936372647882,2506.0,18623.924442000003,28706.0,183650.739926
169,TỔNG TRỊ GIÁ,21600.0,122721.385701,8.530230916973139,7.348235273131692,2019-06-28,21200.0,122754.926891,9.970463692460882,10.528764053963783,400.0,-33.541189999989,42800.0,245476.312592
170,Khu vực kinh tế trong nước,6657.0,36821.191997000016,10.170046966042136,10.839205661997257,2019-06-28,9100.0,52536.58448799999,12.965570481663136,14.42664343346263,-2443.0,-15715.392490999977,15757.0,89357.77648500001
171,Khu vực có vốn đầu tư NN,14943.0,85900.19370399999,7.81531851876845,5.918263993772527,2019-06-28,12100.0,70218.342403,7.820536648188819,7.781769439623233,2843.0,15681.851300999988,27043.0,156118.536107
172,TỔNG TRỊ GIÁ,21500.0,100735.13294,7.481007294529448,6.689999073583053,2019-05-27,22800.0,101282.921903,8.347042769382739,10.34967282390494,-1300.0,-547.7889629999991,44300.0,202018.054843
173,Khu vực kinh tế trong nước,6710.0,30331.165171999997,10.729706332306847,11.602351435044596,2019-05-27,10200.0,43611.047816,11.134577310277976,15.198384844963584,-3490.0,-13279.882644000001,16910.0,73942.212988
174,Khu vực có vốn đầu tư NN,14790.0,70403.967768,6.069156530523372,4.704483026908889,2019-05-27,12600.0,57671.874087,6.190849056526275,6.945778231234925,2190.0,12732.093681000006,27390.0,128075.841855
175,TỔNG TRỊ GIÁ,19900.0,78759.73315700001,7.539168833127533,5.8497575216947695,2019-04-29,20600.0,78049.20592400001,17.64492727347789,10.35379801834489,-700.0,710.5272330000007,40500.0,156808.93908100002
176,Khu vực kinh tế trong nước,6120.0,23333.97496400001,9.758227551658024,10.4986102716136,2019-04-29,8800.0,32795.011084000005,18.509676627261868,14.361727840555844,-2680.0,-9461.036119999997,14920.0,56128.98604800001
177,Khu vực có vốn đầu tư NN,13780.0,55425.758193,6.5821545732025015,4.007581783915185,2019-04-29,11800.0,45254.19484,17.008200082310253,7.62052234847053,1980.0,10171.563353000005,25580.0,100679.953033
178,TỔNG TRỊ GIÁ,22400.0,58513.0,5.392235296538715,4.669994100645994,2019-03-29,21800.0,57976.71278,14.659870282591612,8.945964565309112,600.0,536.2872199999983,44200.0,116489.71278
179,Khu vực kinh tế trong nước,6230.0,17056.0,7.664788330467061,9.744034083581113,2019-03-29,9100.0,24091.543398,21.718042112298438,13.3665944002433,-2870.0,-7035.543398000002,15330.0,41147.543398
180,Khu vực có vốn đầu tư NN,16170.0,41457.420284,4.542058184572866,2.716229460946636,2019-03-29,12700.0,33885.169382,10.0857655202512,6.00703814527175,3470.0,7572.250902,28870.0,75342.589666
181,TỔNG TRỊ GIÁ,14600.0,36675.743922,1.5554926563342093,5.851434336097412,2019-02-28,15500.0,36760.231767000005,10.44218315444077,7.475778016624204,-900.0,-84.48784500000329,30100.0,73435.97568900001
182,Khu vực kinh tế trong nước,3680.0,10717.406021000004,-3.073574000655242,9.870112762356015,2019-02-28,6200.0,15288.236757,12.537651878743477,10.98770255132426,-2520.0,-4570.830735999996,9880.0,26005.642778000005
183,Khu vực có vốn đầu tư NN,10920.0,25959.0,3.216709887231957,4.276712611143395,2019-02-28,9300.0,21471.99501,9.088025724838872,5.107732836227712,1620.0,4487.004990000001,20220.0,47430.99501
184,TỔNG TRỊ GIÁ,20000.0,20000.0,-1.341478231507807,-1.341478231507807,2019-01-29,20800.0,20800.0,3.129695834529997,3.129695834529997,-800.0,-800.0,40800.0,40800.0
185,Khu vực kinh tế trong nước,6420.0,6420.0,7.7557201570579934,7.7557201570579934,2019-01-29,9050.0,9050.0,9.491986033824006,9.491986033824006,-2630.0,-2630.0,15470.0,15470.0
186,Khu vực có vốn đầu tư NN,13580.0,13580.0,-5.128001578668403,-5.128001578668403,2019-01-29,11750.0,11750.0,-1.2881557284830052,-1.2881557284830052,1830.0,1830.0,25330.0,25330.0
187,TỔNG TRỊ GIÁ,21000.0,244723.470426,6.476577784379998,13.762111749479743,2018-12-27,21200.0,237512.370222,5.336456812151553,11.504638554419898,-200.0,7211.100204000017,42200.0,482235.840648
188,Khu vực kinh tế trong nước,5970.0,69200.0,3.9982042920980954,15.945290043143842,2018-12-27,8550.0,94805.275527,4.202872518393704,11.311780581161884,-2580.0,-25605.275527000005,14520.0,164005.27552700002
189,Khu vực có vốn đầu tư NN,15030.0,175522.771191,7.494092888306341,12.92381333530544,2018-12-27,12650.0,142707.094695,6.116706277283043,11.633130679866738,2380.0,32815.676496,27680.0,318229.865886
190,TỔNG TRỊ GIÁ,21600.0,223625.979819,7.807715721451117,14.44759653066805,2018-11-29,22000.0,216820.092375,12.730119440048782,12.411483672966853,-400.0,6805.887443999993,43600.0,440446.072194
191,Khu vực kinh tế trong nước,5890.0,63241.2291,10.754015511313114,17.23617987814798,2018-11-29,8800.0,86630.18303300001,13.010945855721516,12.556754593789575,-2910.0,-23388.95393300001,14690.0,149871.412133
192,Khu vực có vốn đầu tư NN,15710.0,160384.750719,6.743091505888373,13.384159972154832,2018-11-29,13200.0,130189.909342,12.543675924174536,12.31502597425846,2510.0,30194.841377000004,28910.0,290574.66006100003
193,TỔNG TRỊ GIÁ,20800.0,200267.342367,2.281270566748944,14.20336064898305,2018-10-29,20700.0,193842.763825,13.587502384631732,11.811874875586083,100.0,6424.578542000003,41500.0,394110.106192
194,Khu vực kinh tế trong nước,5627.18,56814.990821000014,9.30871258186366,16.842330051456372,2018-10-29,8150.0,77496.00243200001,14.52210691240458,12.022563208367616,-2522.8199999999997,-20681.011610999994,13777.18,134310.99325300002
195,Khu vực có vốn đầu tư NN,15172.82,143452.351546,-0.1006627568483367,13.19084737383902,2018-10-29,12550.0,116346.761393,12.988694616807608,11.671979230299414,2622.8199999999997,27105.590152999997,27722.82,259799.11293899998
196,TỔNG TRỊ GIÁ,20500.0,178914.00807,6.213026609130651,15.410366571021813,2018-09-28,19800.0,173520.856321,8.003854655608961,11.847007402799974,700.0,5393.1517490000115,40300.0,352434.864391
197,Khu vực kinh tế trong nước,5390.0,51076.30522600001,6.512241395979771,17.477885399273745,2018-09-28,7400.0,69337.027434,9.91048419928174,11.721485922336557,-2010.0,-18260.722207999992,12790.0,120413.33266000001
198,Khu vực có vốn đầu tư NN,15110.0,127837.702844,6.106697878754503,14.604514007203065,2018-09-28,12400.0,104183.828887,6.897221573460271,11.930701625529096,2710.0,23653.873957000003,27510.0,232021.531731
199,TỔNG TRỊ GIÁ,20900.0,155411.0,,14.505585480878366,2018-08-29,21000.0,152657.0,,11.584454099520428,-100.0,2754.0,41900.0,308068.0
200,Khu vực kinh tế trong nước,6050.0,45109.0,,17.417957220469788,2018-08-29,8000.0,61851.0,,11.786520036358112,-1950.0,-16742.0,14050.0,106960.0
201,Khu vực có vốn đầu tư NN,14850.0,110302.0,,13.355770879202282,2018-08-29,13000.0,90806.0,,11.44723783471511,1850.0,19496.0,27850.0,201108.0
202,TỔNG TRỊ GIÁ,19500.0,133689.0,,15.338194241595149,2018-07-27,19800.0,130626.069193,,10.212830030930904,-300.0,3062.930806999997,39300.0,264315.069193
203,Khu vực kinh tế trong nước,5848.0,39029.0,,18.67507722199697,2018-07-27,8200.0,54160.477638,,12.740026256542563,-2352.0,-15131.477637999997,14048.0,93189.477638
204,Khu vực có vốn đầu tư NN,13652.0,94660.0,,14.01635484331642,2018-07-27,11600.0,76465.59155499999,,8.49029463714757,2052.0,18194.40844500001,25252.0,171125.591555
205,TỔNG TRỊ GIÁ,19600.0,113929.388644,,16.001051638656705,2018-06-29,19700.0,111217.291,,10.025324882924863,-100.0,2712.0976440000086,39300.0,225146.67964400002
206,Khu vực kinh tế trong nước,5935.0,33066.62183700001,,19.93440974027085,2018-06-29,8300.0,46006.961663,,12.935410049813273,-2365.0,-12940.339825999989,14235.0,79073.58350000001
207,Khu vực có vốn đầu tư NN,13665.0,80862.76680699999,,14.465949656357507,2018-06-29,11400.0,65210.329337,,8.06082945451692,2265.0,15652.43746999999,25065.0,146073.096144
208,TỔNG TRỊ GIÁ,19200.0,93090.0,,-100.0,2018-05-29,19700.0,89701.459206,,8.176363005227728,-500.0,3388.5407940000005,38900.0,182791.459206
209,Khu vực kinh tế trong nước,5630.0,26432.0,,-100.0,2018-05-29,8300.0,36824.098976,,10.382943632818936,-2670.0,-10392.098976000001,13930.0,63256.098976
210,Khu vực có vốn đầu tư NN,13570.0,66658.0,,-100.0,2018-05-29,11400.0,52877.36023,,6.691083061413423,2170.0,13780.639770000002,24970.0,119535.36022999999
211,TỔNG TRỊ GIÁ,18200.0,73762.513209,,18.97405243040488,2018-04-27,17500.0,70370.07024999999,,10.050069012985418,700.0,3392.4429590000072,35700.0,144132.583459
212,Khu vực kinh tế trong nước,5002.700000000001,20280.684555,,17.879715766807692,2018-04-27,6900.0,28060.590309,,11.170066953396969,-1897.2999999999993,-7779.905753999999,11902.7,48341.274864
213,Khu vực có vốn đầu tư NN,13197.3,53481.828654,,19.39436469273781,2018-04-27,10600.0,42309.479941,,9.319625547660351,2597.2999999999993,11172.348713,23797.3,95791.308595
214,TỔNG TRỊ GIÁ,19800.0,54309.491270000006,,22.006641767673088,2018-03-29,19000.0,53005.308094,,13.621856934370015,800.0,1304.183176000006,38800.0,107314.799364
215,Khu vực kinh tế trong nước,5357.0,14968.29649,,18.88036091180948,2018-03-29,7500.0,21255.308094,,13.439862694034588,-2143.0,-6287.011603999999,12857.0,36223.604584
216,Khu vực có vốn đầu tư NN,14443.0,39341.194780000005,,23.239727972620287,2018-03-29,11500.0,31750.0,,13.744021204408782,2943.0,7591.194780000005,25943.0,71091.19478
217,TỔNG TRỊ GIÁ,13400.0,33620.27917,,22.89656920497282,2018-02-28,12500.0,32539.527243,,15.281702967324676,900.0,1080.7519270000012,25900.0,66159.806413
218,Khu vực kinh tế trong nước,3760.0,9659.059232,,25.67495387225,2018-02-28,5000.0,13337.324344,,16.437889941715383,-1240.0,-3678.265112000001,8760.0,22996.383576
219,Khu vực có vốn đầu tư NN,9640.0,23961.219938,,21.81100362588036,2018-02-28,7500.0,19203.0,,14.492067220021283,2140.0,4758.219937999998,17140.0,43164.219937999995
220,TỔNG TRỊ GIÁ,19000.0,19000.0,33.07399847296901,33.07399847296901,2018-01-29,19300.0,19300.0,47.44887806614327,47.44887806614327,-300.0,-300.0,38300.0,38300.0
221,Khu vực kinh tế trong nước,5409.0,5409.0,31.58658596134967,31.58658596134967,2018-01-29,7800.0,7800.0,43.24382042054219,43.24382042054219,-2391.0,-2391.0,13209.0,13209.0
222,Khu vực có vốn đầu tư NN,13591.0,13591.0,33.69999999999999,33.69999999999999,2018-01-29,11500.0,11500.0,50.44437426593765,50.44437426593765,2091.0,2091.0,25091.0,25091.0
223,TỔNG TRỊ GIÁ,19300.0,213770.220637,,21.0608609864629,2017-12-29,19800.0,211096.230469,,20.76180897888157,-500.0,2673.9901679999894,39100.0,424866.451106
224,Khu vực kinh tế trong nước,5200.0,58525.35340299999,,16.248079917477966,2017-12-29,8050.0,84651.425968,,16.973933451581075,-2850.0,-26126.07256500001,13250.0,143176.77937099998
225,Khu vực có vốn đầu tư NN,14100.0,155244.867234,,23.0,2017-12-29,11750.0,126444.804501,,23.43782150938638,2350.0,28800.062733,25850.0,281689.671735
226,TỔNG TRỊ GIÁ,19200.0,193749.958546,,21.07205950081156,2017-11-29,19000.0,190989.862039,,21.02836550534211,200.0,2760.0965070000093,38200.0,384739.820585
227,Khu vực kinh tế trong nước,5004.0,53093.94451,,16.803476854270016,2017-11-29,7600.0,76487.518286,,17.94801592104558,-2596.0,-23393.573776000005,12604.0,129581.462796
228,Khu vực có vốn đầu tư NN,14196.0,140656.014036,,22.765583050839496,2017-11-29,11400.0,114502.343753,,23.17726506952667,2796.0,26153.670283000014,25596.0,255158.357789
229,TỔNG TRỊ GIÁ,19400.0,173721.273962,,20.70170252524832,2017-10-27,18500.0,172493.24041499998,,21.99714423262044,900.0,1228.0335470000282,37900.0,346214.514377
230,Khu vực kinh tế trong nước,5210.0,48231.963418,,17.204677881229728,2017-10-27,6000.0,64633.84251499997,,11.558173653238285,-790.0,-16401.879096999968,11210.0,112865.80593299997
231,Khu vực có vốn đầu tư NN,14190.0,125489.310544,,22.101949207889103,2017-10-27,12500.0,107859.3979,,29.244336501483588,1690.0,17629.91264400001,26690.0,233348.708444
232,TỔNG TRỊ GIÁ,19000.0,154032.94514,,19.816759936308387,2017-09-29,18600.0,154474.707468,,23.060210767674818,400.0,-441.7623280000116,37600.0,308507.652608
233,Khu vực kinh tế trong nước,5210.0,43174.728618,,16.811000645500783,2017-09-29,7250.0,61252.867859000005,,18.72140908739351,-2040.0,-18078.139241000004,12460.0,104427.59647700001
234,Khu vực có vốn đầu tư NN,13790.0,110858.216522,,21.02965711492372,2017-09-29,11350.0,93221.839609,,26.08798307946367,2440.0,17636.376913,25140.0,204080.056131
235,TỔNG TRỊ GIÁ,18200.0,133502.72700900002,,17.947546554426324,2017-08-29,17800.0,135627.788948,,22.27950387333217,400.0,-2125.0619389999774,36000.0,269130.515957
236,Khu vực kinh tế trong nước,5330.0,37835.29407900003,,15.670815115718597,2017-08-29,7300.0,54240.215213,,18.37667797809021,-1970.0,-16404.921133999975,12630.0,92075.50929200003
237,Khu vực có vốn đầu tư NN,12870.0,95668.0,,18.872891868520284,2017-08-29,10500.0,81387.573735,,25.026631668063544,2370.0,14280.426265000002,23370.0,177055.57373499998
238,TỔNG TRỊ GIÁ,17500.0,115221.242214,,18.67622810639051,2017-07-28,17800.0,118298.358196,,24.04721219232499,-300.0,-3077.115982000003,35300.0,233519.60041
239,Khu vực kinh tế trong nước,4940.0,32169.84900299998,,14.613254707271125,2017-07-28,7100.0,46941.008528000006,,18.404722694779664,-2160.0,-14771.159525000025,12040.0,79110.85753099999
240,Khu vực có vốn đầu tư NN,12560.0,83051.39321100002,,20.328493138563573,2017-07-28,10700.0,71357.349668,,28.061743503932234,1860.0,11694.043543000022,23260.0,154408.74287900003
241,TỔNG TRỊ GIÁ,17800.0,97775.314592,,18.884565320222805,2017-06-29,18000.0,100470.562515,,24.10543590289416,-200.0,-2695.2479230000026,35800.0,198245.87710699998
242,Khu vực kinh tế trong nước,4800.0,26959.664915999994,,13.758399293196064,2017-06-29,7250.0,39876.510773,,18.23377538010122,-2450.0,-12916.845857000008,12050.0,66836.175689
243,Khu vực có vốn đầu tư NN,13000.0,70815.0,,20.959645815899023,2017-06-29,10750.0,60594.051742,,28.298466216367014,2250.0,10220.948257999997,23750.0,131409.051742
244,TỔNG TRỊ GIÁ,17200.0,79290.0,,17.42908631453082,2017-05-29,18000.0,81994.717139,,23.942609740814348,-800.0,-2704.7171390000003,35200.0,161284.71713900001
245,Khu vực kinh tế trong nước,4785.0,22046.0,,13.63576537944256,2017-05-29,7100.0,32403.503165,,18.925911600192396,-2315.0,-10357.503164999998,11885.0,54449.503165
246,Khu vực có vốn đầu tư NN,12415.0,57244.0,,18.95844397217748,2017-05-29,10900.0,49591.213974,,27.45568885512681,1515.0,7652.786026000002,23315.0,106835.213974
247,TỔNG TRỊ GIÁ,16700.0,61338.0,,15.400000000000006,2017-04-28,17500.0,64074.0,,24.90000000000001,-800.0,-2736.0,34200.0,125412.0
248,Khu vực kinh tế trong nước,4604.0,17285.0,,13.700000000000005,2017-04-28,7000.0,25776.0,,24.40000000000001,-2396.0,-8491.0,11604.0,43061.0
249,Khu vực có vốn đầu tư NN,12096.0,44053.0,,16.099999999999994,2017-04-28,10500.0,38298.0,,25.3,1596.0,5755.0,22596.0,82351.0
250,TỔNG TRỊ GIÁ,16300.0,43729.0,,12.799999999999995,2017-03-29,17400.0,45632.0,,22.40000000000001,-1100.0,-1903.0,33700.0,89361.0
251,Khu vực kinh tế trong nước,4590.0,12331.0,,12.099999999999994,2017-03-29,6900.0,18398.0,,24.40000000000001,-2310.0,-6067.0,11490.0,30729.0
252,Khu vực có vốn đầu tư NN,11710.0,31398.0,,13.0,2017-03-29,10500.0,27234.0,,21.099999999999994,1210.0,4164.0,22210.0,58632.0
253,TỔNG TRỊ GIÁ,13000.0,27342.0,,15.400000000000006,2017-02-28,14200.0,27388.0,,19.599999999999994,-1200.0,-46.0,27200.0,54730.0
254,Khu vực kinh tế trong nước,3475.0,7633.0,,12.200000000000005,2017-02-28,5600.0,11114.0,,22.0,-2125.0,-3481.0,9075.0,18747.0
255,Khu vực có vốn đầu tư NN,9525.0,19709.0,,16.799999999999997,2017-02-28,8600.0,16274.0,,18.0,925.0,3435.0,18125.0,35983.0
256,TỔNG TRỊ GIÁ,14600.0,14600.0,7.599999999999994,7.599999999999994,2017-01-27,14700.0,14700.0,15.799999999999995,15.799999999999995,-100.0,-100.0,29300.0,29300.0
257,Khu vực kinh tế trong nước,4309.0,4309.0,2.799999999999997,2.799999999999997,2017-01-27,6200.0,6200.0,15.599999999999994,15.599999999999994,-1891.0,-1891.0,10509.0,10509.0
258,Khu vực có vốn đầu tư NN,10291.0,10291.0,9.700000000000005,9.700000000000005,2017-01-27,8500.0,8500.0,16.0,16.0,1791.0,1791.0,18791.0,18791.0
259,TỔNG TRỊ GIÁ,16000.0,175942.0,,8.599999999999994,2016-12-29,16300.0,173262.0,,4.599999999999994,-300.0,2680.0,32300.0,349204.0
260,Khu vực kinh tế trong nước,4682.0,50042.0,,4.799999999999997,2016-12-29,6850.0,71061.0,,4.0,-2168.0,-21019.0,11532.0,121103.0
261,Khu vực có vốn đầu tư NN,11318.0,125900.0,,10.200000000000005,2016-12-29,9450.0,102201.0,,5.099999999999994,1868.0,23699.0,20768.0,228101.0
262,TỔNG TRỊ GIÁ,15600.0,159501.0,,7.5,2016-11-29,16000.0,156655.0,,3.5,-400.0,2846.0,31600.0,316156.0
263,Khu vực kinh tế trong nước,4320.0,45424.0,,4.799999999999997,2016-11-29,6450.0,63824.0,,3.4000000000000057,-2130.0,-18400.0,10770.0,109248.0
264,Khu vực có vốn đầu tư NN,11280.0,114077.0,,8.700000000000003,2016-11-29,9550.0,92831.0,,3.5999999999999943,1730.0,21246.0,20830.0,206908.0
265,TỔNG TRỊ GIÁ,15500.0,144076.0,,7.200000000000003,2016-10-28,15700.0,140560.0,,2.0999999999999943,-200.0,3516.0,31200.0,284636.0
266,Khu vực kinh tế trong nước,4435.0,41376.0,,4.900000000000006,2016-10-28,6300.0,57341.0,,2.4000000000000057,-1865.0,-15965.0,10735.0,98717.0
267,Khu vực có vốn đầu tư NN,11065.0,102700.0,,8.099999999999994,2016-10-28,9400.0,83219.0,,1.9000000000000057,1665.0,19481.0,20465.0,185919.0
268,TỔNG TRỊ GIÁ,15000.0,128208.0,,6.700000000000003,2016-09-29,15100.0,125443.0,,1.2999999999999972,-100.0,2765.0,30100.0,253651.0
269,Khu vực kinh tế trong nước,4315.0,37042.0,,5.0,2016-09-29,6050.0,51424.0,,2.0,-1735.0,-14382.0,10365.0,88466.0
270,Khu vực có vốn đầu tư NN,10685.0,91166.0,,7.400000000000006,2016-09-29,9050.0,74019.0,,0.9000000000000057,1635.0,17147.0,19735.0,165185.0
271,TỔNG TRỊ GIÁ,15200.0,112190.0,,5.5,2016-08-29,15000.0,109736.0,,-0.2999999999999971,200.0,2454.0,30200.0,221926.0
272,Khu vực kinh tế trong nước,4536.0,32618.0,,4.0,2016-08-29,6150.0,45349.0,,0.5,-1614.0,-12731.0,10686.0,77967.0
273,Khu vực có vốn đầu tư NN,10664.0,79572.0,,6.099999999999994,2016-08-29,8850.0,64387.0,,-0.7999999999999972,1814.0,15185.0,19514.0,143959.0
274,TỔNG TRỊ GIÁ,14700.0,96832.0,,5.299999999999997,2016-07-29,14600.0,95034.0,,-0.9000000000000057,100.0,1798.0,29300.0,191866.0
275,Khu vực kinh tế trong nước,4267.0,27930.0,,2.4000000000000057,2016-07-29,6300.0,39637.0,,1.2000000000000028,-2033.0,-11707.0,10567.0,67567.0
276,Khu vực có vốn đầu tư NN,10433.0,68902.0,,6.5,2016-07-29,8300.0,55397.0,,-2.4000000000000057,2133.0,13505.0,18733.0,124299.0
277,TỔNG TRỊ GIÁ,14800.0,82244.309785,,5.900000000000006,2016-06-29,14900.0,80705.944826,,-0.5077430298443204,-100.0,1538.3649589999986,29700.0,162950.254611
278,Khu vực kinh tế trong nước,4287.0,23680.0,,3.299999999999997,2016-06-29,6400.0,33409.738860000005,,1.3154013866096363,-2113.0,-9729.738860000005,10687.0,57089.738860000005
279,Khu vực có vốn đầu tư NN,10513.0,58564.309785000005,,6.900000000000006,2016-06-29,8500.0,47296.205966,,-1.756551904874641,2013.0,11268.103819000004,19013.0,105860.515751
280,TỔNG TRỊ GIÁ,14600.0,67705.0,,6.599999999999994,2016-05-30,15000.0,66344.0,,-0.9000000000000057,-400.0,1361.0,29600.0,134049.0
281,Khu vực kinh tế trong nước,4250.0,19442.0,,3.9000000000000057,2016-05-30,6400.0,27189.0,,0.7000000000000028,-2150.0,-7747.0,10650.0,46631.0
282,Khu vực có vốn đầu tư NN,10350.0,48263.0,,7.700000000000003,2016-05-30,8600.0,39155.0,,-1.9000000000000057,1750.0,9108.0,18950.0,87418.0
283,TỔNG TRỊ GIÁ,14100.0,52869.0,,6.0,2016-04-29,14000.0,51405.0,,-1.2000000000000028,100.0,1464.0,28100.0,104274.0
284,Khu vực kinh tế trong nước,4120.0,15114.0,,2.9000000000000057,2016-04-29,5800.0,20717.0,,-0.7999999999999972,-1680.0,-5603.0,9920.0,35831.0
285,Khu vực có vốn đầu tư NN,9980.0,37755.0,,7.299999999999997,2016-04-29,8200.0,30688.0,,-1.4000000000000057,1780.0,7067.0,18180.0,68443.0
286,TỔNG TRỊ GIÁ,14200.0,37884.0,,4.099999999999994,2016-03-29,14100.0,37108.0,,-4.799999999999997,100.0,776.0,28300.0,74992.0
287,Khu vực kinh tế trong nước,4046.0,10841.0,,0.2999999999999971,2016-03-29,5650.0,14890.0,,-3.5,-1604.0,-4049.0,9696.0,25731.0
288,Khu vực có vốn đầu tư NN,10154.0,27043.0,,5.799999999999997,2016-03-29,8450.0,22218.0,,-5.700000000000003,1704.0,4825.0,18604.0,49261.0
289,TỔNG TRỊ GIÁ,10300.0,23663.0,,2.9000000000000057,2016-02-29,10200.0,22798.0,,-6.599999999999994,100.0,865.0,20500.0,46461.0
290,Khu vực kinh tế trong nước,2922.0,7124.0,,4.200000000000003,2016-02-29,3800.0,9221.0,,-4.799999999999997,-878.0,-2097.0,6722.0,16345.0
291,Khu vực có vốn đầu tư NN,7378.0,16539.0,,2.299999999999997,2016-02-29,6400.0,13577.0,,-7.700000000000003,978.0,2962.0,13778.0,30116.0
292,TỔNG TRỊ GIÁ,13800.0,13800.0,2.200000000000003,2.200000000000003,2016-01-29,14000.0,14000.0,-0.7718789963665103,-0.7718789963665103,-200.0,-200.0,27800.0,27800.0
293,Khu vực kinh tế trong nước,4055.0,4055.0,0.0,0.0,2016-01-29,5850.0,5850.0,-0.1150891529353828,-0.1150891529353828,-1795.0,-1795.0,9905.0,9905.0
294,Khu vực có vốn đầu tư NN,9745.0,9745.0,3.200000000000003,3.200000000000003,2016-01-29,8150.0,8150.0,-1.2380170948560618,-1.2380170948560618,1595.0,1595.0,17895.0,17895.0
295,TỔNG TRỊ GIÁ,14200.0,162439.0,,8.135968248055363,2015-12-29,14500.0,165609.0,,12.0,-300.0,-3170.0,28700.0,328048.0
296,Khu vực kinh tế trong nước,4076.0,47306.0,,-3.529954615536141,2015-12-29,6000.0,67627.0,,6.299999999999997,-1924.0,-20321.0,10076.0,114933.0
297,Khu vực có vốn đầu tư NN,10124.0,115133.0,,13.789926202461215,2015-12-29,8500.0,97982.0,,16.400000000000006,1624.0,17151.0,18624.0,213115.0
298,TỔNG TRỊ GIÁ,14300.0,148710.0,,8.299999999999997,2015-11-30,14500.0,152489.0,,13.700000000000005,-200.0,-3779.0,28800.0,301199.0
299,Khu vực kinh tế trong nước,4180.0,43564.0,,-2.5999999999999943,2015-11-30,5900.0,62340.0,,8.0,-1720.0,-18776.0,10080.0,105904.0
300,Khu vực có vốn đầu tư NN,10120.0,105146.0,,13.5,2015-11-30,8600.0,90149.0,,18.099999999999994,1520.0,14997.0,18720.0,195295.0
301,TỔNG TRỊ GIÁ,14400.0,134617.0,,8.5,2015-10-29,14500.0,138747.0,,14.299999999999995,-100.0,-4130.0,28900.0,273364.0
302,Khu vực kinh tế trong nước,4280.0,39559.0,,-3.299999999999997,2015-10-29,5800.0,56654.0,,7.799999999999997,-1520.0,-17095.0,10080.0,96213.0
303,Khu vực có vốn đầu tư NN,10120.0,95058.0,,14.299999999999995,2015-10-29,8700.0,82093.0,,19.3,1420.0,12965.0,18820.0,177151.0
304,TỔNG TRỊ GIÁ,14200.0,120698.0,,9.599999999999994,2015-09-29,14300.0,124562.0,,15.900000000000006,-100.0,-3864.0,28500.0,245260.0
305,Khu vực kinh tế trong nước,4090.0,35492.0,,-2.700000000000003,2015-09-29,5900.0,51264.0,,9.700000000000005,-1810.0,-15772.0,9990.0,86756.0
306,Khu vực có vốn đầu tư NN,10110.0,85206.0,,15.799999999999995,2015-09-29,8400.0,73298.0,,20.700000000000003,1710.0,11908.0,18510.0,158504.0
307,TỔNG TRỊ GIÁ,14500.0,106266.0,,9.0,2015-08-28,14600.0,109889.0,,16.400000000000006,-100.0,-3623.0,29100.0,216155.0
308,Khu vực kinh tế trong nước,4420.0,31657.0,,-2.5,2015-08-28,6100.0,44667.0,,7.700000000000003,-1680.0,-13010.0,10520.0,76324.0
309,Khu vực có vốn đầu tư NN,10080.0,74609.0,,14.700000000000005,2015-08-28,8500.0,65222.0,,23.200000000000003,1580.0,9387.0,18580.0,139831.0
310,TỔNG TRỊ GIÁ,14500.0,92266.0,,9.5,2015-07-29,14800.0,95639.0,,16.400000000000006,-300.0,-3373.0,29300.0,187905.0
311,Khu vực kinh tế trong nước,4490.0,27573.0,,-1.7000000000000028,2015-07-29,6300.0,38971.0,,7.900000000000006,-1810.0,-11398.0,10790.0,66544.0
312,Khu vực có vốn đầu tư NN,10010.0,64693.0,,15.099999999999994,2015-07-29,8500.0,56668.0,,23.099999999999994,1510.0,8025.0,18510.0,121361.0
313,TỔNG TRỊ GIÁ,14300.0,77745.0,,9.299999999999995,2015-06-29,15000.0,81498.0,,17.700000000000003,-700.0,-3753.0,29300.0,159243.0
314,Khu vực kinh tế trong nước,4174.0,22864.0,,-2.9000000000000057,2015-06-29,6150.0,32690.0,,7.700000000000003,-1976.0,-9826.0,10324.0,55554.0
315,Khu vực có vốn đầu tư NN,10126.0,54881.0,,15.299999999999995,2015-06-29,8850.0,48808.0,,25.5,1276.0,6073.0,18976.0,103689.0
316,TỔNG TRỊ GIÁ,13500.0,63195.0,,7.299999999999997,2015-05-29,14400.0,66167.0,,15.799999999999995,-900.0,-2972.0,27900.0,129362.0
317,Khu vực kinh tế trong nước,4054.0,18825.0,,-2.700000000000003,2015-05-29,6000.0,26490.0,,6.299999999999997,-1946.0,-7665.0,10054.0,45315.0
318,Khu vực có vốn đầu tư NN,9446.0,44370.0,,12.200000000000005,2015-05-29,8400.0,39677.0,,23.200000000000003,1046.0,4693.0,17846.0,84047.0
319,TỔNG TRỊ GIÁ,13800.0,50104.356032,,8.151442347570992,2015-04-29,14400.0,53103.437276,,19.87774509645874,-600.0,-2999.0812439999936,28200.0,103207.793308
320,Khu vực kinh tế trong nước,4198.0,15027.199468,,-0.9573952031183096,2015-04-29,5700.0,20745.607145,,9.362753274521054,-1502.0,-5718.407677000001,9898.0,35772.806613
321,Khu vực có vốn đầu tư NN,9602.0,35077.156564000004,,12.587367799037269,2015-04-29,8700.0,32357.830131,,27.75285990220988,902.0,2719.3264330000056,18302.0,67434.986695
322,TỔNG TRỊ GIÁ,12700.0,35671.0,,6.900000000000006,2015-03-29,13300.0,37485.0,,16.299999999999997,-600.0,-1814.0,26000.0,73156.0
323,Khu vực kinh tế trong nước,3760.0,10591.0,,-5.099999999999994,2015-03-29,5100.0,14387.0,,5.700000000000003,-1340.0,-3796.0,8860.0,24978.0
324,Khu vực có vốn đầu tư NN,8940.0,25080.0,,12.900000000000006,2015-03-29,8200.0,23098.0,,24.099999999999994,740.0,1982.0,17140.0,48178.0
325,TỔNG TRỊ GIÁ,9600.0,23005.0,,8.599999999999994,2015-02-28,9300.0,23066.0,,16.299999999999997,300.0,-61.0,18900.0,46071.0
326,Khu vực kinh tế trong nước,3000.0,7017.0,,0.7000000000000028,2015-02-28,3650.0,9091.0,,6.700000000000003,-650.0,-2074.0,6650.0,16108.0
327,Khu vực có vốn đầu tư NN,6600.0,15988.0,,12.400000000000006,2015-02-28,5650.0,13975.0,,23.40000000000001,950.0,2013.0,12250.0,29963.0
328,TỔNG TRỊ GIÁ,12900.0,12900.0,9.700000000000005,9.700000000000005,2015-01-29,13400.0,13400.0,35.5,35.5,-500.0,-500.0,26300.0,26300.0
329,Khu vực kinh tế trong nước,4410.0,4410.0,12.900000000000006,12.900000000000006,2015-01-29,5600.0,5600.0,28.0,28.0,-1190.0,-1190.0,10010.0,10010.0
330,Khu vực có vốn đầu tư NN,8490.0,8490.0,8.200000000000003,8.200000000000003,2015-01-29,7800.0,7800.0,41.400000000000006,41.400000000000006,690.0,690.0,16290.0,16290.0
331,TỔNG TRỊ GIÁ,13100.0,150042.0,,13.599999999999994,2014-12-29,14000.0,148058.0,,12.099999999999994,-900.0,1984.0,27100.0,298100.0
332,Khu vực kinh tế trong nước,3964.0,48447.0,,10.400000000000006,2014-12-29,5650.0,63492.0,,10.200000000000005,-1686.0,-15045.0,9614.0,111939.0
333,Khu vực có vốn đầu tư NN,9136.0,101595.0,,15.200000000000005,2014-12-29,8350.0,84566.0,,13.599999999999994,786.0,17029.0,17486.0,186161.0
334,TỔNG TRỊ GIÁ,13200.0,137033.0,,13.700000000000005,2014-11-28,13500.0,134972.0,,12.599999999999994,-300.0,2061.0,26700.0,272005.0
335,Khu vực kinh tế trong nước,4160.0,44821.0,,13.0,2014-11-28,5600.0,58301.0,,12.700000000000005,-1440.0,-13480.0,9760.0,103122.0
336,Khu vực có vốn đầu tư NN,9040.0,92212.0,,14.099999999999994,2014-11-28,7900.0,76671.0,,12.5,1140.0,15541.0,16940.0,168883.0
337,TỔNG TRỊ GIÁ,13200.0,123075.0,,13.400000000000006,2014-10-29,13600.0,121209.0,,11.200000000000005,-400.0,1866.0,26800.0,244284.0
338,Khu vực kinh tế trong nước,4330.0,40590.0,,12.900000000000006,2014-10-29,5600.0,52545.0,,12.0,-1270.0,-11955.0,9930.0,93135.0
339,Khu vực có vốn đầu tư NN,8870.0,82485.0,,13.599999999999994,2014-10-29,8000.0,68664.0,,10.700000000000005,870.0,13821.0,16870.0,151149.0
340,TỔNG TRỊ GIÁ,12400.0,109633.0,,14.099999999999994,2014-09-29,13000.0,107162.0,,11.099999999999994,-600.0,2471.0,25400.0,216795.0
341,Khu vực kinh tế trong nước,4380.0,36638.0,,14.200000000000005,2014-09-29,5530.0,46864.0,,12.799999999999995,-1150.0,-10226.0,9910.0,83502.0
342,Khu vực có vốn đầu tư NN,8020.0,72995.0,,14.099999999999994,2014-09-29,7470.0,60298.0,,9.799999999999995,550.0,12697.0,15490.0,133293.0
343,TỔNG TRỊ GIÁ,13000.0,96984.0,,14.099999999999994,2014-08-29,12900.0,95286.0,,12.0,100.0,1698.0,25900.0,192270.0
344,Khu vực kinh tế trong nước,4180.0,31751.0,,11.099999999999994,2014-08-29,5700.0,41915.0,,13.400000000000006,-1520.0,-10164.0,9880.0,73666.0
345,Khu vực có vốn đầu tư NN,8820.0,65233.0,,15.599999999999994,2014-08-29,7200.0,53371.0,,10.900000000000006,1620.0,11862.0,16020.0,118604.0
346,TỔNG TRỊ GIÁ,12400.0,83508.0,,14.099999999999994,2014-07-29,12650.0,82251.0,,11.400000000000006,-250.0,1257.0,25050.0,165759.0
347,Khu vực kinh tế trong nước,4320.0,27673.0,,12.200000000000005,2014-07-29,5600.0,36201.0,,13.0,-1280.0,-8528.0,9920.0,63874.0
348,Khu vực có vốn đầu tư NN,8080.0,55835.0,,15.0,2014-07-29,7050.0,46050.0,,10.299999999999995,1030.0,9785.0,15130.0,101885.0
349,TỔNG TRỊ GIÁ,12100.0,70880.0,,14.900000000000006,2014-06-27,12300.0,69561.0,,11.0,-200.0,1319.0,24400.0,140441.0
350,Khu vực kinh tế trong nước,3895.0,23053.0,,11.5,2014-06-27,5350.0,30261.0,,10.299999999999995,-1455.0,-7208.0,9245.0,53314.0
351,Khu vực có vốn đầu tư NN,8205.0,47827.0,,16.599999999999994,2014-06-27,6950.0,39300.0,,11.599999999999994,1255.0,8527.0,15155.0,87127.0
352,TỔNG TRỊ GIÁ,12000.0,58508.0,,15.400000000000006,2014-05-29,12400.0,56859.0,,9.599999999999994,-400.0,1649.0,24400.0,115367.0
353,Khu vực kinh tế trong nước,3780.0,19051.0,,11.900000000000006,2014-05-29,5300.0,24301.0,,7.200000000000003,-1520.0,-5250.0,9080.0,43352.0
354,Khu vực có vốn đầu tư NN,8220.0,39457.0,,17.099999999999994,2014-05-29,7100.0,32558.0,,11.400000000000006,1120.0,6899.0,15320.0,72015.0
355,TỔNG TRỊ GIÁ,12200.0,45735.544779,,16.88490744389668,2014-04-29,12600.0,45052.113853,,13.717991535638816,-400.0,683.4309260000009,24800.0,90787.658632
356,Khu vực kinh tế trong nước,4180.0,15382.643088999994,,16.176392293043477,2014-04-29,5200.0,18796.486155,,8.009537617244561,-1020.0,-3413.843066000005,9380.0,34179.129243999996
357,Khu vực có vốn đầu tư NN,8020.0,30352.90169,,17.247287935480387,2014-04-29,7400.0,26255.627698,,18.18987983903513,620.0,4097.2739919999985,15420.0,56608.529387999995
358,TỔNG TRỊ GIÁ,12000.0,33346.0,,14.099999999999994,2014-03-28,12300.0,32339.0,,12.400000000000006,-300.0,1007.0,24300.0,65685.0
359,Khu vực kinh tế trong nước,3870.0,10877.0,,9.799999999999995,2014-03-28,5250.0,13786.0,,9.700000000000005,-1380.0,-2909.0,9120.0,24663.0
360,Khu vực có vốn đầu tư NN,8130.0,22469.0,,16.299999999999997,2014-03-28,7050.0,18553.0,,14.599999999999994,1080.0,3916.0,15180.0,41022.0
361,TỔNG TRỊ GIÁ,9600.0,21060.0,,12.299999999999995,2014-02-28,10800.0,20816.0,,17.0,-1200.0,244.0,20400.0,41876.0
362,Khu vực kinh tế trong nước,3270.0,7205.0,,13.200000000000005,2014-02-28,4650.0,9059.0,,16.799999999999997,-1380.0,-1854.0,7920.0,16264.0
363,Khu vực có vốn đầu tư NN,6330.0,13855.0,,11.799999999999995,2014-02-28,6150.0,11757.0,,17.099999999999994,180.0,2098.0,12480.0,25612.0
364,TỔNG TRỊ GIÁ,10300.0,10300.0,-10.799999999999995,-10.799999999999995,2014-01-29,10400.0,10400.0,-1.9000000000000057,-1.9000000000000057,-100.0,-100.0,20700.0,20700.0
365,Khu vực kinh tế trong nước,3520.0,3520.0,-13.799999999999995,-13.799999999999995,2014-01-29,4600.0,4600.0,-2.299999999999997,-2.299999999999997,-1080.0,-1080.0,8120.0,8120.0
366,Khu vực có vốn đầu tư NN,6780.0,6780.0,-9.200000000000005,-9.200000000000005,2014-01-29,5800.0,5800.0,-1.5,-1.5,980.0,980.0,12580.0,12580.0
